geneID	SYMBOL	transcriptID	factor	direction	Roshan
FBgn0000137	ase	FBtr0070075	Gd7	Down	No
FBgn0001148	gsb	FBtr0072444	Gd7	Down	No
FBgn0001983	wor	FBtr0080740	Gd7	Down	No
FBgn0003448	sna	FBtr0080739	Gd7	Down	Toll10b
FBgn0003463	sog	FBtr0074063	Gd7	Down	No
FBgn0004512	Mdr49	FBtr0302198	Gd7	Down	Toll10b
FBgn0004880	scrt	FBtr0073165	Gd7	Down	No
FBgn0014143	croc	FBtr0078395	Gd7	Down	Toll10b
FBgn0014179	gcm	FBtr0335492	Gd7	Down	Toll10b
FBgn0015773	NetA	FBtr0346088	Gd7	Down	Toll10b
FBgn0024250	brk	FBtr0071048	Gd7	Down	No
FBgn0028999	nerfin-1	FBtr0072592	Gd7	Down	Toll10b
FBgn0029943	Atg5	FBtr0071065	Gd7	Down	No
FBgn0051721	Trim9	FBtr0080096	Gd7	Down	No
FBgn0260745	mfas	FBtr0082500	Gd7	Down	No
FBgn0261930	vnd	FBtr0070110	Gd7	Down	Toll10b
FBgn0261963	mid	FBtr0310358	Gd7	Down	No
FBgn0000251	cad	FBtr0081413	Gd7	None	Gd7
FBgn0003067	Pepck	FBtr0086701	Gd7	None	Gd7
FBgn0031745	rau	FBtr0079158	Gd7	None	Gd7
FBgn0034590	Magi	FBtr0071636	Gd7	None	Gd7
FBgn0037031	CG11456	FBtr0300873	Gd7	None	Gd7
FBgn0038071	Dtg	FBtr0082648	Gd7	None	Gd7
FBgn0041094	scyl	FBtr0076168	Gd7	None	Gd7
FBgn0261560	Thor	FBtr0345289	Gd7	None	Gd7
FBgn0262579	Ect4	FBtr0304998	Gd7	None	Gd7
FBgn0262719	CG43163	FBtr0308608	Gd7	None	Gd7
FBgn0263102	psq	FBtr0088281	Gd7	None	Gd7
FBgn0264273	Sema2b	FBtr0329992	Gd7	None	Gd7
FBgn0032535	Ance-2	FBtr0080554	Gd7	None	Gd7
FBgn0034005	ItgaPS4	FBtr0087371	Gd7	None	Gd7
FBgn0000157	Dll	FBtr0300076	Gd7	Up	Gd7
FBgn0000395	cv-2	FBtr0071610	Gd7	Up	Gd7
FBgn0000490	dpp	FBtr0077775	Gd7	Up	Gd7
FBgn0001138	grn	FBtr0081808	Gd7	Up	No
FBgn0001297	kay	FBtr0099989	Gd7	Up	No
FBgn0003117	pnr	FBtr0083221	Gd7	Up	Gd7
FBgn0003396	shn	FBtr0088099	Gd7	Up	Gd7
FBgn0003896	tup	FBtr0081112	Gd7	Up	Gd7
FBgn0003963	ush	FBtr0078063	Gd7	Up	Gd7
FBgn0004360	Wnt2	FBtr0339383	Gd7	Up	No
FBgn0004863	C15	FBtr0084111	Gd7	Up	Gd7
FBgn0004885	tok	FBtr0339252	Gd7	Up	Gd7
FBgn0014135	bnl	FBtr0300123	Gd7	Up	No
FBgn0020493	Dad	FBtr0100160	Gd7	Up	No
FBgn0023407	B4	FBtr0080513	Gd7	Up	Gd7
FBgn0028789	Doc1	FBtr0331548	Gd7	Up	Gd7
FBgn0031032	CG14204	FBtr0336898	Gd7	Up	Gd7
FBgn0033391	CG8026	FBtr0302512	Gd7	Up	No
FBgn0033483	egr	FBtr0088405	Gd7	Up	Gd7
FBgn0034501	CG13868	FBtr0301209	Gd7	Up	Gd7
FBgn0035257	CG12011	FBtr0072764	Gd7	Up	No
FBgn0035954	Doc3	FBtr0076521	Gd7	Up	Gd7
FBgn0035956	Doc2	FBtr0076547	Gd7	Up	Gd7
FBgn0039288	CG13653	FBtr0084804	Gd7	Up	Gd7
FBgn0040505	Alk	FBtr0087118	Gd7	Up	Gd7
FBgn0052485	CG32485	FBtr0072985	Gd7	Up	No
FBgn0261648	salm	FBtr0343619	Gd7	Up	No
FBgn0263316	Mrp4	FBtr0302027	Gd7	Up	No
FBgn0264711	CG43980	FBtr0333973	Gd7	Up	No
FBgn0266801	CG45263	FBtr0345460	Gd7	Up	Gd7
FBgn0284250	Oaz	FBtr0302926	Gd7	Up	No
FBgn0000227	Bsg25A	FBtr0077423	Time	Up	No
FBgn0000228	Bsg25D	FBtr0302567	Time	Up	No
FBgn0000411	D	FBtr0333034	Time	Up	No
FBgn0000606	eve	FBtr0088390	Time	Up	No
FBgn0001077	ftz	FBtr0081625	Time	Up	No
FBgn0001099	gdl	FBtr0091757	Time	Up	No
FBgn0001320	kni	FBtr0078283	Time	Up	No
FBgn0003002	opa	FBtr0078836	Time	Up	No
FBgn0003145	prd	FBtr0080299	Time	Up	No
FBgn0003486	spo	FBtr0077130	Time	Up	No
FBgn0003510	Sry-alpha	FBtr0085557	Time	Up	No
FBgn0003683	term	FBtr0075112	Time	Up	No
FBgn0003720	tll	FBtr0085709	Time	Up	No
FBgn0004053	zen	FBtr0081670	Time	Up	Gd7
FBgn0004389	bnk	FBtr0085754	Time	Up	No
FBgn0004795	retn	FBtr0340030	Time	Up	No
FBgn0004956	upd1	FBtr0074581	Time	Up	No
FBgn0004959	phm	FBtr0074603	Time	Up	No
FBgn0005590	scw	FBtr0343860	Time	Up	No
FBgn0020300	geko	FBtr0075126	Time	Up	No
FBgn0024150	Ac78C	FBtr0305501	Time	Up	No
FBgn0028523	CG5888	FBtr0340234	Time	Up	No
FBgn0029931	CG14427	FBtr0071010	Time	Up	No
FBgn0031621	Elba3	FBtr0077378	Time	Up	No
FBgn0031718	CG14014	FBtr0114511	Time	Up	No
FBgn0031805	CG9505	FBtr0079253	Time	Up	Gd7
FBgn0034225	veil	FBtr0086926	Time	Up	No
FBgn0035625	Blimp-1	FBtr0077089	Time	Up	No
FBgn0036791	CG7271	FBtr0075101	Time	Up	No
FBgn0036810	CG6885	FBtr0075053	Time	Up	No
FBgn0037085	Neu2	FBtr0078394	Time	Up	No
FBgn0037149	CG14561	FBtr0334111	Time	Up	No
FBgn0037797	CG12420	FBtr0082222	Time	Up	Gd7
FBgn0037992	CG4702	FBtr0082550	Time	Up	Gd7
FBgn0038028	CG10035	FBtr0082606	Time	Up	No
FBgn0038566	CG14317	FBtr0083541	Time	Up	No
FBgn0043854	slam	FBtr0344864	Time	Up	No
FBgn0046253	CG3502	FBtr0273227	Time	Up	No
FBgn0262867	Ptr	FBtr0307501	Time	Up	No
FBgn0266129	lov	FBtr0330231	Time	Up	No
FBgn0003719	tld	FBtr0084691	Toll10b	Down	Gd7
FBgn0008636	hbn	FBtr0071556	Toll10b	Down	No
FBgn0019650	toy	FBtr0089185	Toll10b	Down	No
FBgn0031375	erm	FBtr0330202	Toll10b	Down	Toll9
FBgn0052475	mthl8	FBtr0329896	Toll10b	Down	No
FBgn0264005	Hmx	FBtr0346339	Toll10b	Down	No
FBgn0259111	Ndae1	FBtr0331659	Toll10b	None	Toll10b
FBgn0034075	Asph	FBtr0300575	Toll10b	None	Toll10b
FBgn0001254	ImpE2	FBtr0073141	Toll10b	None	Toll10b
FBgn0003308	ry	FBtr0082704	Toll10b	None	Toll10b
FBgn0014388	sty	FBtr0073146	Toll10b	None	Toll10b
FBgn0023214	edl	FBtr0086652	Toll10b	None	Toll10b
FBgn0031645	CG3036	FBtr0077391	Toll10b	None	Toll10b
FBgn0033638	CG9005	FBtr0300945	Toll10b	None	Toll10b
FBgn0265991	Zasp52	FBtr0329910	Toll10b	None	Toll10b
FBgn0000489	Pka-C3	FBtr0075529	Toll10b	Up	Toll10b
FBgn0001250	if	FBtr0301352	Toll10b	Up	Toll10b
FBgn0003137	Ppn	FBtr0300337	Toll10b	Up	No
FBgn0003900	twi	FBtr0100130	Toll10b	Up	Toll10b
FBgn0004110	tin	FBtr0084086	Toll10b	Up	Toll10b
FBgn0004606	zfh1	FBtr0085702	Toll10b	Up	Toll10b
FBgn0004635	rho	FBtr0072694	Toll10b	Up	No
FBgn0004666	sim	FBtr0082711	Toll10b	Up	No
FBgn0010389	htl	FBtr0083548	Toll10b	Up	Toll10b
FBgn0011656	Mef2	FBtr0088444	Toll10b	Up	Toll10b
FBgn0015609	CadN	FBtr0081017	Toll10b	Up	Toll10b
FBgn0020299	stumps	FBtr0334957	Toll10b	Up	Toll10b
FBgn0022740	HLH54F	FBtr0089547	Toll10b	Up	No
FBgn0024189	sns	FBtr0111043	Toll10b	Up	No
FBgn0030482	CG1673	FBtr0073777	Toll10b	Up	Toll10b
FBgn0030510	CG12177	FBtr0346119	Toll10b	Up	No
FBgn0030900	Him	FBtr0074549	Toll10b	Up	No
FBgn0031037	CG14207	FBtr0307161	Toll10b	Up	No
FBgn0032693	Cyp310a1	FBtr0081077	Toll10b	Up	Toll10b
FBgn0033458	CG18446	FBtr0088376	Toll10b	Up	Toll10b
FBgn0035558	CG11357	FBtr0304987	Toll10b	Up	No
FBgn0037207	Mes2	FBtr0078561	Toll10b	Up	Toll10b
FBgn0037819	CG14688	FBtr0113215	Toll10b	Up	No
FBgn0038134	wntD	FBtr0082775	Toll10b	Up	Toll10b
FBgn0039039	lmd	FBtr0084364	Toll10b	Up	No
FBgn0040089	meso18E	FBtr0339436	Toll10b	Up	No
FBgn0050115	GEFmeso	FBtr0340387	Toll10b	Up	Toll10b
FBgn0050272	MFS1	FBtr0071890	Toll10b	Up	No
FBgn0052182	CG32182	FBtr0075188	Toll10b	Up	No
FBgn0261245	sing	FBtr0074318	Toll10b	Up	No
FBgn0268063	ltl	FBtr0332144	Toll10b	Up	Toll10b
FBgn0000320	eya	FBtr0079335	Toll9	Down	No
FBgn0002931	net	FBtr0330637	Toll9	Down	No
FBgn0012037	Ance	FBtr0080552	Toll9	Down	Gd7
FBgn0014343	mirr	FBtr0075912	Toll9	Down	No
FBgn0027364	Six4	FBtr0078274	Toll9	Down	No
FBgn0029082	hbs	FBtr0345419	Toll9	Down	Gd7
FBgn0031738	CG9171	FBtr0332039	Toll9	Down	No
FBgn0051098	CG31098	FBtr0084863	Toll9	Down	No
FBgn0085400	CG34371	FBtr0330239	Toll9	Down	No
FBgn0262473	Tl	FBtr0330155	Toll9	Down	Toll10b
FBgn0000097	aop	FBtr0077851	Toll9	None	Toll9
FBgn0033652	ths	FBtr0088030	Toll9	None	Toll9
FBgn0035968	Slc45-1	FBtr0332124	Toll9	None	Toll9
FBgn0039994	conu	FBtr0111288	Toll9	None	Toll9
FBgn0262582	cic	FBtr0305026	Toll9	None	Toll9
FBgn0000492	Dr	FBtr0085441	Toll9	Up	Toll9
FBgn0002734	E(spl)mdelta-HLH	FBtr0084954	Toll9	Up	No
FBgn0005558	ey	FBtr0089236	Toll9	Up	No
FBgn0025776	ind	FBtr0333875	Toll9	Up	Toll9
FBgn0029123	SoxN	FBtr0079733	Toll9	Up	Toll9
FBgn0030904	upd2	FBtr0473620	Toll9	Up	Toll9
FBgn0033453	CG1667	FBtr0345020	Toll9	Up	No
FBgn0033856	CG13334	FBtr0087677	Toll9	Up	Toll9
FBgn0034479	CG8654	FBtr0342667	Toll9	Up	No
FBgn0036494	Toll-6	FBtr0306307	Toll9	Up	No
FBgn0036896	wnd	FBtr0302513	Toll9	Up	Toll9
FBgn0039679	ppk19	FBtr0085451	Toll9	Up	No
FBgn0085424	nub	FBtr0112643	Toll9	Up	No
FBgn0261434	hkb	FBtr0078951	Toll9	Up	No
FBgn0262139	trh	FBtr0333902	Toll9	Up	No
FBgn0262169	magu	FBtr0113062	Toll9	Up	Toll9
FBgn0265140	Meltrin	FBtr0301499	Toll9	Up	Toll9
