Geneid	Chr	Start	End	Strand	Length	factor	direction	Gd7	Toll10b	Toll9
Region53	chr2L	224	6008	.	5785	Toll10b	Up	-0.191744611835511	0.290405586277574	-0.160215838145682
Region67	chr2L	160417	162272	.	1856	Toll9	Down	0.226389997189374	-0.0905517988801415	-0.273442473134515
Region72	chr2L	221620	224740	.	3121	Toll10b	Down	0.392032390027349	-0.521324670937959	0.194787202714214
Region112	chr2L	517544	519906	.	2363	Gd7	Up	7.35764403824681	-3.95568395044826	-7.03007215159282
Region113	chr2L	521008	523965	.	2958	Gd7	Up	2.22951892731355	-1.25553072058081	-2.02598235426721
Region151	chr2L	1076088	1078185	.	2098	Toll10b	Down	0.153436406468693	-0.155029825898608	-0.0136161954121292
Region168	chr2L	1410110	1412449	.	2340	Toll10b	Down	0.426902720390274	-0.719981819471306	0.491310997170233
Region230	chr2L	2164421	2165493	.	1073	Toll10b	Down	0.514971055039799	-0.66160880268969	0.213337444848289
Region266	chr2L	2752129	2754631	.	2503	Toll9	Up	-0.332564925172792	0.119760532010183	0.425993770811263
Region330	chr2L	3580617	3581263	.	647	Gd7	Up	1.16281800463811	-1.04305865140293	-0.344893095960931
Region385	chr2L	4281217	4283806	.	2590	Gd7	Up	1.14544739018067	-0.980883105790735	-0.42516497666211
Region419	chr2L	4820232	4822674	.	2443	Toll10b	Down	0.544127965593306	-0.895772224483603	0.586048064960415
Region436	chr2L	4999972	5001680	.	1709	Gd7	Up	0.422727932938683	-0.346812950509957	-0.184742426587971
Region447	chr2L	5237166	5238893	.	1728	Toll9	Down	0.728107812497533	-0.351891126909881	-0.768221277539242
Region481	chr2L	5799342	5800526	.	1185	Toll10b	Up	-0.375033647642831	0.513584511612413	-0.213593769949481
Region492	chr2L	5943482	5944913	.	1432	Toll10b	Down	0.376537526455286	-0.716172381831139	0.58209342314244
Region495	chr2L	5977212	5983933	.	6722	Toll9	Up	0.0420805140909534	-0.136610013102641	0.168772249842825
Region530	chr2L	6372836	6377240	.	4405	Toll9	Down	0.691684574174279	-0.332987833654305	-0.732174970048082
Region636	chr2L	7826841	7829353	.	2513	Toll10b	Up	-0.115543043454546	0.188299603079491	-0.120936491017932
Region684	chr2L	8414888	8417213	.	2326	Toll10b	Down	0.50958328851512	-0.925184924885307	0.707028983747957
Region710	chr2L	8841302	8842999	.	1698	Toll9	Up	-1.25436414925967	-0.148449946810215	2.70707656186604
Region740	chr2L	9449025	9450175	.	1151	Toll9	Up	-0.484768222120028	0.124483106920168	0.712785404930471
Region762	chr2L	9698495	9701077	.	2583	Toll9	Up	-0.154499576560929	0.0743275060647154	0.163637337900949
Region902	chr2L	12009978	12012676	.	2699	Toll10b	Down	0.308454927546033	-0.469156398059529	0.261379989443663
Region959	chr2L	12861725	12862254	.	530	Toll10b	Up	-1.98883088781881	2.78679808808564	-1.24861251851193
Region961	chr2L	12894060	12894580	.	521	Toll10b	Up	-1.94074013131623	2.71007279167143	-1.20129802592941
Region981	chr2L	13224620	13225955	.	1336	Gd7	Up	2.05114673098336	-1.73871009795678	-0.793887148007009
Region1052	chr2L	14445476	14446929	.	1454	Toll10b	Up	-0.220194463014851	0.266227716807343	-0.0606633003075644
Region1063	chr2L	14490058	14491338	.	1281	Toll10b	Up	-0.224500097964357	0.361509230872598	-0.226991856623085
Region1128	chr2L	15491132	15492612	.	1481	Toll10b	Down	0.266553107696197	-0.610913695252606	0.602611675951896
Region1132	chr2L	15654064	15654581	.	518	Toll10b	Up	-1.87272221334238	2.77106210896695	-1.44514730578464
Region1134	chr2L	15686748	15688180	.	1433	Toll10b	Up	-1.9611319596098	2.55918003739318	-0.885071831313576
Region1136	chr2L	15721743	15723172	.	1430	Toll10b	Up	-1.9945379677491	2.64543299399719	-0.978359410300792
Region1152	chr2L	15839411	15839922	.	512	Toll10b	Up	-1.94591571789117	2.83341799888061	-1.41738906001566
Region1154	chr2L	15956063	15956586	.	524	Toll10b	Up	-2.06609814387758	2.7335284505553	-1.00096190335289
Region1175	chr2L	16286007	16288484	.	2478	Toll10b	Down	0.121792841342175	-0.198486437463673	0.127480933840917
Region1224	chr2L	17200108	17200635	.	528	Toll10b	Up	-1.91977696342198	2.68400959124837	-1.19420720024081
Region1245	chr2L	17727888	17728409	.	522	Toll10b	Up	-2.09887497311846	2.94621500799807	-1.32727062787137
Region1259	chr2L	17952889	17953425	.	537	Toll10b	Up	-1.95986329755829	2.69992311328147	-1.14556890111511
Region1303	chr2L	18782449	18784026	.	1578	Gd7	Up	0.305140919895857	-0.20175705162642	-0.222429467282116
Region1379	chr2L	19571449	19572870	.	1422	Toll10b	Down	0.242986790941176	-0.378675549200246	0.22257860498538
Region1380	chr2L	19574856	19578077	.	3222	Toll9	Down	0.346936424923743	-0.139107102697797	-0.418421589761687
Region1420	chr2L	20200164	20200684	.	521	Toll10b	Up	-1.98971981900086	2.92361339378838	-1.49772030641118
Region1490	chr2L	21236951	21238231	.	1281	Toll9	Up	-0.158287856614624	-0.183585561441906	0.643841543579738
Region1508	chr2L	21418292	21419090	.	799	Toll10b	Up	-0.766985567871525	0.835345088148624	-0.0426619706092946
Region1509	chr2L	21419565	21420589	.	1025	Toll10b	Up	-0.144221707135365	0.2380456329228	-0.156469794097002
Region1511	chr2L	21423189	21424143	.	955	Gd7	Down	-0.673103881286141	0.5857853652739	0.232635109221273
Region1512	chr2L	21424613	21425658	.	1046	Toll9	Up	0.0457314277767837	-0.410655484005555	0.664112538399664
Region1513	chr2L	21426924	21427319	.	396	Toll9	Down	0.388954837561051	0.582546274832068	-1.82304478892987
Region1515	chr2L	21429682	21430732	.	1051	Toll9	Up	-0.150311859014413	0.0503382754671219	0.199489519544982
Region1517	chr2L	21433301	21434253	.	953	Toll9	Down	-0.226360143277821	0.614224210617058	-0.686701771046469
Region1518	chr2L	21434730	21435762	.	1033	Toll9	Down	-0.0558409026345352	0.369163128387462	-0.568417582479904
Region1520	chr2L	21438360	21439148	.	789	Toll10b	Up	-0.816728752156217	0.844977626494582	0.0362371302286921
Region1521	chr2L	21439617	21440648	.	1032	Gd7	Down	-0.175839787430623	0.147637960602124	0.0706566214457798
Region1522	chr2L	21451108	21451929	.	822	Toll9	Up	0.0378562126093618	-0.173002178379267	0.243692638690872
Region1523	chr2L	21452397	21453347	.	951	Gd7	Down	-0.656689283583185	0.636425934768283	0.107928867436265
Region1524	chr2L	21453818	21454854	.	1037	Toll10b	Up	-0.175951368124161	0.221426085239959	-0.0644078588572899
Region1526	chr2L	21457444	21458416	.	973	Toll10b	Up	-0.633626571463169	0.644450170156803	0.0484492092494067
Region1527	chr2L	21458881	21459896	.	1016	Toll10b	Up	-0.515692674149868	0.632696566183248	-0.158929789367598
Region1529	chr2L	21462509	21463465	.	957	Gd7	Down	-0.682864186785258	0.61842087556427	0.191748326436303
Region1530	chr2L	21463943	21464778	.	836	Toll10b	Up	-0.580751910947523	0.699153900456485	-0.154480873889994
Region1532	chr2L	21467557	21468501	.	945	Gd7	Down	-0.703081405127724	0.651408150412925	0.170515095016246
Region1533	chr2L	21468986	21470016	.	1031	Toll10b	Up	-0.51712878921103	0.67719059585146	-0.237716174910486
Region1535	chr2L	21472602	21473552	.	951	Toll10b	Up	-0.709330809959418	0.734121749967981	0.0310013547458149
Region1536	chr2L	21474028	21474864	.	837	Toll10b	Up	-0.432506751189185	0.588352488412981	-0.239107197604759
Region1538	chr2L	21477634	21478595	.	962	Gd7	Down	-0.679068323308022	0.598790361397361	0.22037000844448
Region1539	chr2L	21479069	21480089	.	1021	Toll10b	Up	-0.476136934328096	0.673715363141609	-0.310916238589734
Region1541	chr2L	21482680	21483635	.	956	Toll9	Down	-0.0816945549641707	0.567455730102639	-0.881775777695091
Region1542	chr2L	21484113	21485155	.	1043	Toll9	Down	0.0135717455497917	0.23539657021012	-0.457914294235585
Region1544	chr2L	21487825	21488780	.	956	Gd7	Down	-0.566807999154496	0.292279296283772	0.564404334246496
Region1545	chr2L	21489267	21490305	.	1039	Gd7	Down	-0.135851162533512	0.0895824150744833	0.0994699932758922
Region1547	chr2L	21492885	21493845	.	961	Gd7	Down	-0.678794541462207	0.421108745807468	0.545595040139961
Region1548	chr2L	21494315	21495335	.	1021	Gd7	Down	-0.262518654706413	0.159589156782495	0.217002568053023
Region1550	chr2L	21497928	21498874	.	947	Toll9	Up	-0.644339131426468	0.248024665467246	0.796039313343388
Region1551	chr2L	21499348	21500376	.	1029	Toll9	Down	-0.105869884444399	0.3623308336626	-0.4587775423854
Region1553	chr2L	21502982	21503930	.	949	Gd7	Down	-0.557905255807214	0.319611060627717	0.497013459054908
Region1554	chr2L	21504487	21505450	.	964	Toll9	Up	-0.285261794513962	0.114493591580134	0.34382742251226
Region1556	chr2L	21508023	21508984	.	962	Gd7	Down	-0.622141262967867	0.363216145810974	0.541761031652909
Region1557	chr2L	21509531	21510489	.	959	Toll9	Up	-0.155009274012226	-0.0703590637825045	0.429891032449947
Region1559	chr2L	21513067	21514012	.	946	Gd7	Down	-0.725567616459815	0.490836874063275	0.508551137888123
Region1560	chr2L	21514575	21515535	.	961	Toll9	Up	-0.211311713829005	0.0234619369026371	0.367173888591999
Region1562	chr2L	21518116	21519061	.	946	Toll9	Up	-0.122660768067548	-0.638896275205883	1.40943779348448
Region1563	chr2L	21519539	21520581	.	1043	Toll10b	Up	-0.155571831545507	0.232530622073736	-0.12432640124152
Region1565	chr2L	21522948	21523905	.	958	Toll9	Up	0.0123078919558293	-0.822737586487857	1.48449248570606
Region1566	chr2L	21524385	21525436	.	1052	Gd7	Down	-0.139924999746521	0.119971206596975	0.051663977214682
Region1568	chr2L	21527790	21528745	.	956	Toll9	Up	0.0358875745678675	-0.696821877083374	1.20787039108571
Region1569	chr2L	21529227	21530266	.	1040	Gd7	Down	-0.233080977682916	0.175464905405865	0.130753384427585
Region1571	chr2L	21532644	21533595	.	952	Gd7	Down	-0.65971753782617	0.477854008484713	0.404528488332273
Region1572	chr2L	21534149	21535114	.	966	Toll9	Up	-0.160299505200494	0.0311288622663158	0.254095066539143
Region1574	chr2L	21537661	21538639	.	979	Toll9	Up	-0.563852723252171	0.249929490563835	0.636310636356566
Region1576	chr2L	21540917	21541628	.	712	Toll9	Down	0.167522600352809	0.286226499566089	-0.849946606561607
Region1704	chr2R	4863996	4864323	.	328	Toll9	Down	0.685163584694367	-0.0975214566984549	-1.15121417526123
Region1705	chr2R	4868346	4868790	.	445	Toll9	Down	1.0230883123627	-0.424556864526671	-1.20760020585698
Region1764	chr2R	6514023	6517254	.	3232	Gd7	Up	2.94432382915244	-2.30326716395543	-1.49263738678308
Region1771	chr2R	6572943	6574333	.	1391	Toll9	Up	0.0936712203015954	-0.543788434763277	0.81513628449889
Region1786	chr2R	6631400	6633311	.	1912	Gd7	Up	0.202355069691701	-0.149486299952427	-0.11873814488278
Region1790	chr2R	6661660	6663772	.	2113	Toll9	Up	-0.227349351148459	0.112360224745336	0.235321770322086
Region1823	chr2R	7380379	7382160	.	1782	Toll9	Up	0.0409160126413062	-0.0958080505759773	0.0962275529634181
Region1839	chr2R	7483390	7487124	.	3735	Toll9	Up	-0.522636942655408	-0.391353367801598	1.73201448769714
Region1840	chr2R	7487759	7490073	.	2315	Toll9	Up	-0.243561960050418	0.0237770088512293	0.429198903312062
Region1928	chr2R	8648691	8650568	.	1878	Gd7	Up	0.33375488181534	-0.263576408440816	-0.164635669583125
Region1931	chr2R	8654642	8656805	.	2164	Gd7	Up	1.67100394362044	-1.64024282641031	-0.236499006571948
Region2005	chr2R	9481740	9482272	.	533	Toll10b	Up	-1.92889401512748	2.65514885802146	-1.12359715114811
Region2049	chr2R	9976910	9981591	.	4682	Gd7	Up	1.02842101387793	-0.866243715296952	-0.408175526704051
Region2087	chr2R	10420831	10422213	.	1383	Toll9	Down	0.434192342816087	-0.0181723239637093	-0.809517094360739
Region2089	chr2R	10428103	10428827	.	725	Toll9	Down	1.02829245239999	-0.426966025617197	-1.2132853490648
Region2107	chr2R	10534143	10536610	.	2468	Toll10b	Down	0.200372835691523	-0.211470217439184	-0.00125075201611124
Region2121	chr2R	10581304	10584826	.	3523	Gd7	Up	2.61503709010016	-1.87221530699006	-1.64371984949901
Region2162	chr2R	11198099	11200051	.	1953	Gd7	Up	1.08845877871654	-0.891725818302016	-0.477999835639694
Region2288	chr2R	12588074	12590313	.	2240	Gd7	Up	0.111389957931858	-0.0691533434278723	-0.0894411414136528
Region2307	chr2R	12775674	12777789	.	2116	Toll9	Up	-0.833065062856315	-0.940393385978851	3.34119748199221
Region2308	chr2R	12779301	12781539	.	2239	Toll9	Up	-0.375071177373026	-0.46027604392212	1.57192767419178
Region2328	chr2R	12957268	12960410	.	3143	Toll9	Down	0.14253366545614	0.0327100686364346	-0.336649358409056
Region2334	chr2R	12984481	12986130	.	1650	Toll10b	Up	-0.116516413744038	0.159466697768327	-0.0661855915922915
Region2349	chr2R	13189007	13190763	.	1757	Toll9	Down	0.599690501704744	-0.258590176946013	-0.689998984519892
Region2359	chr2R	13221909	13224592	.	2684	Toll9	Up	-0.113159681388346	-0.21204073137074	0.608409765071414
Region2389	chr2R	13559875	13562009	.	2135	Toll10b	Down	0.151977196955017	-0.179814260358932	0.0346554394664299
Region2390	chr2R	13562901	13565013	.	2113	Gd7	Up	0.545432819662318	-0.506829612024684	-0.129561319141173
Region2391	chr2R	13565602	13567572	.	1971	Toll9	Down	0.289863007330635	-0.142783628256072	-0.300892921325773
Region2393	chr2R	13569136	13571278	.	2143	Toll9	Up	-1.20392898583963	0.426431776492813	1.55520219157024
Region2414	chr2R	13925242	13925875	.	634	Toll10b	Down	0.969079144143529	-1.3156523365326	0.530949260710709
Region2455	chr2R	14307037	14308400	.	1364	Toll9	Up	0.252570064985989	-0.750112777102305	0.884958587253702
Region2456	chr2R	14311361	14313123	.	1763	Toll10b	Down	1.01660743372359	-1.20580588127908	0.237300177650003
Region2553	chr2R	15675745	15676845	.	1101	Toll10b	Down	0.854451752245141	-1.26671284477735	0.663734264420177
Region2563	chr2R	15754781	15757010	.	2230	Toll9	Up	-1.76743625339027	0.377374687378164	2.73899584421347
Region2632	chr2R	16514684	16516526	.	1843	Gd7	Up	0.948374669170846	-0.820409962019595	-0.336823649119083
Region2709	chr2R	17716108	17717739	.	1632	Toll10b	Down	0.456994022935728	-0.864112031309364	0.697143460869143
Region2722	chr2R	17800803	17803597	.	2795	Toll10b	Down	0.920059545564345	-1.66129488783324	1.25979514308639
Region2771	chr2R	18356239	18358052	.	1814	Gd7	Up	0.20515053053575	-0.201560561931231	-0.0286930723006832
Region2857	chr2R	19630442	19632225	.	1784	Gd7	Up	0.369155682594619	-0.27852724871692	-0.205943585771173
Region2901	chr2R	20106139	20106933	.	795	Toll9	Down	0.919408232232962	-0.325189933651665	-1.18851785877585
Region2902	chr2R	20110942	20112930	.	1989	Toll9	Down	0.44400512266767	-0.114452841646022	-0.652047203133022
Region2932	chr2R	20602563	20605882	.	3320	Toll9	Up	-0.361500683064882	0.0192102864086655	0.66650849747383
Region2977	chr2R	21101491	21102358	.	868	Toll10b	Down	0.380428339701882	-0.674269213865026	0.497716668383663
Region2990	chr2R	21250131	21251816	.	1686	Toll10b	Down	1.09663229731703	-1.72667048937123	1.03689822692463
Region3022	chr2R	21544296	21547359	.	3064	Toll9	Up	0.218020488141173	-1.20190235950988	1.78032293092605
Region3042	chr2R	21713050	21714993	.	1944	Toll9	Up	-0.0607711715565452	-0.268594760282763	0.6104002259809
Region3065	chr2R	22241906	22244295	.	2390	Gd7	Up	0.398204159083701	-0.249656669726412	-0.315261628708945
Region3088	chr2R	22513728	22515238	.	1511	Toll10b	Down	0.233483268655088	-0.495818196506793	0.455792434580893
Region3102	chr2R	22686733	22691863	.	5131	Toll10b	Down	0.441536143969891	-0.553817813453907	0.158264862459443
Region3105	chr2R	22728373	22729628	.	1256	Toll10b	Down	1.47395402205223	-1.47977065241115	-0.148200158278314
Region3160	chr2R	23572942	23574000	.	1059	Toll10b	Down	0.540319812363538	-0.612655888733462	0.0743827335291987
Region3164	chr2R	23580053	23581319	.	1267	Gd7	Up	0.222750493007243	-0.162982167577287	-0.133585835180956
Region3302	chr3L	22	6272	.	6251	Gd7	Up	0.362623163705613	-0.224997495026861	-0.291402914942838
Region3303	chr3L	6518	18752	.	12235	Toll9	Down	0.379315316042763	-0.0932540915484732	-0.565339590891968
Region3543	chr3L	2881200	2882832	.	1633	Toll9	Up	-0.303988527760305	-0.241997904211929	1.03376037183726
Region3737	chr3L	5881229	5882488	.	1260	Toll9	Up	-0.130457232359955	-0.500920239030452	1.17161053282086
Region3944	chr3L	9164743	9165274	.	532	Toll10b	Up	-1.96272148802775	2.63891118540083	-1.02816316126023
Region3966	chr3L	9461615	9463197	.	1583	Gd7	Up	0.338821210113039	-0.280723894517583	-0.143032468006395
Region4047	chr3L	10855313	10858098	.	2786	Gd7	Up	0.37150074461171	-0.265409442651735	-0.234545526939323
Region4055	chr3L	11010189	11011078	.	890	Toll9	Down	0.995952455469718	-0.454580895455136	-1.09988014359296
Region4083	chr3L	11259648	11262413	.	2766	Toll9	Up	0.190370654043485	-0.701753353261522	0.917036344232393
Region4221	chr3L	13227485	13228988	.	1504	Gd7	Up	0.37774327891968	-0.351079092559362	-0.0895989102314379
Region4288	chr3L	14176143	14178412	.	2270	Toll9	Up	-0.519957825373103	0.139364654727495	0.753810393295634
Region4330	chr3L	14754822	14755873	.	1052	Gd7	Up	0.300284823507294	-0.203396140155044	-0.209997982847112
Region4331	chr3L	14756273	14758448	.	2176	Toll10b	Down	0.180251256723224	-0.296404577794766	0.193524580258314
Region4352	chr3L	14967408	14968644	.	1237	Toll10b	Down	1.73770901271402	-1.87071456077175	0.0565566608652478
Region4353	chr3L	14968977	14970151	.	1175	Toll9	Up	-0.377614232751996	-0.274154198324507	1.23563356871652
Region4354	chr3L	14971829	14973776	.	1948	Toll9	Up	-0.436915160675233	-0.0927117230234808	1.01809419787238
Region4407	chr3L	15507400	15510152	.	2753	Toll9	Down	1.32012157858317	-0.641651433973954	-1.38617210330118
Region4487	chr3L	16407794	16412017	.	4224	Toll10b	Down	0.12360429582679	-0.15259319619672	0.0398252440255409
Region4523	chr3L	16772778	16776408	.	3631	Toll9	Down	1.44332137555492	-0.559241487384094	-1.77640982744914
Region4539	chr3L	17010771	17012799	.	2029	Toll9	Up	0.158536821667148	-0.586294730752569	0.767152084037584
Region4676	chr3L	19041943	19045655	.	3713	Toll10b	Down	0.417821233206525	-0.54434766843727	0.186936832197202
Region4703	chr3L	19556203	19558621	.	2419	Toll9	Up	0.33378039482484	-1.10137481149562	1.3713108696937
Region4731	chr3L	19896276	19898251	.	1976	Gd7	Up	0.210649770695608	-0.120973730045338	-0.18711357267833
Region4735	chr3L	19908125	19910701	.	2577	Toll10b	Up	-0.00364626346451902	0.00748520999422499	-0.00664521891711759
Region4763	chr3L	20400163	20401944	.	1782	Toll10b	Down	0.12643094473953	-0.188630789548816	0.100408597901894
Region4817	chr3L	21025089	21027555	.	2467	Gd7	Up	0.393604967913958	-0.259750940956897	-0.287827342067645
Region4920	chr3L	22399867	22401636	.	1770	Toll9	Down	0.556797877961628	-0.174383020612098	-0.7611208794121
Region4921	chr3L	22402684	22404120	.	1437	Toll10b	Down	0.911425199768768	-1.0832040254157	0.216700176017921
Region4922	chr3L	22406894	22408290	.	1397	Toll9	Up	-0.0829101809899549	-0.242546512533536	0.605619302311136
Region4961	chr3L	23112711	23113114	.	404	Toll9	Down	0.748595829898183	-0.258450379067219	-0.979303294767579
Region4984	chr3L	25134570	25135020	.	451	Toll9	Down	0.940538164502694	-0.452029766941614	-0.996989699690146
Region5136	chr3R	4452309	4454113	.	1805	Gd7	Up	0.556862131087384	-0.43936861372366	-0.275428459840022
Region5219	chr3R	5086327	5088282	.	1956	Gd7	Up	0.0738877609046001	-0.0586917120770087	-0.0358237042463047
Region5343	chr3R	6760942	6763580	.	2639	Toll9	Down	1.0282572750376	-0.174172266858064	-1.67668204242555
Region5363	chr3R	6863575	6866193	.	2619	Gd7	Up	1.61804618713353	-1.34785788049046	-0.669750252996609
Region5404	chr3R	7086281	7089238	.	2958	Gd7	Down	-0.659530586002942	0.355911063527891	0.62773235697035
Region5409	chr3R	7107366	7108932	.	1567	Gd7	Up	0.387389242610823	-0.245249121292481	-0.302348897819926
Region5525	chr3R	8807920	8809707	.	1788	Toll9	Up	-1.99364909174035	0.857891363314016	2.29714377090194
Region5589	chr3R	9417585	9419721	.	2137	Toll9	Down	0.785832314795155	-0.331044167418683	-0.918493592301886
Region5590	chr3R	9427462	9428742	.	1281	Toll10b	Down	0.613067496457988	-0.614389669081803	-0.0636529797764771
Region5624	chr3R	9873233	9875184	.	1952	Toll9	Down	0.208453860023423	0.106331254488494	-0.599585549468677
Region5741	chr3R	11351595	11353879	.	2285	Gd7	Up	0.753847641245265	-0.516065912932651	-0.517192778494705
Region5775	chr3R	11759969	11762014	.	2046	Toll9	Down	0.296897563414998	-0.121021092392576	-0.354446892312401
Region5777	chr3R	11773315	11774184	.	870	Gd7	Up	0.679349774238657	-0.524763708075626	-0.356634735012581
Region5779	chr3R	11777138	11779366	.	2229	Toll9	Up	-0.22569544030461	0.0969178259296756	0.260422936814766
Region5811	chr3R	12381115	12383719	.	2605	Toll10b	Down	0.870279806299283	-1.74842687648431	1.5161705690493
Region5822	chr3R	12467640	12468086	.	447	Gd7	Down	-1.60871119476778	0.912743741410108	1.44935564865456
Region5825	chr3R	12477335	12477552	.	218	Gd7	Down	-1.32011427755017	0.802045252369638	1.09209640863772
Region5842	chr3R	12647663	12650061	.	2399	Toll9	Up	-0.910150410959369	0.284231383675469	1.24563926749005
Region5852	chr3R	13010856	13013371	.	2516	Toll9	Down	0.103468268877091	-0.0337473241627932	-0.138976333179291
Region5886	chr3R	13683604	13685450	.	1847	Toll10b	Up	-0.133373903411868	0.282862254367164	-0.259692574840314
Region5924	chr3R	13988408	13989862	.	1455	Toll9	Up	-1.50802850420231	0.0503540829166319	2.83499613354001
Region5936	chr3R	14277652	14279577	.	1926	Toll9	Up	0.282517419194687	-0.836072739946051	0.984422775795557
Region5941	chr3R	14286056	14287163	.	1108	Gd7	Up	0.571739108107471	-0.555225778776949	-0.0918976740902947
Region5991	chr3R	14816949	14820408	.	3460	Toll10b	Down	0.534494043431331	-1.02661181312295	0.844626608235186
Region6020	chr3R	15290295	15292105	.	1811	Gd7	Up	0.735792388823757	-0.479217976919672	-0.549700744076948
Region6031	chr3R	15419054	15421005	.	1952	Toll10b	Down	0.828162598607065	-1.27069688201596	0.722069753071352
Region6061	chr3R	15919590	15922233	.	2644	Toll10b	Down	0.476935579899533	-0.738812197502168	0.428712653403426
Region6065	chr3R	15972350	15974203	.	1854	Gd7	Down	-0.298687815980241	0.165798681939326	0.275828071092426
Region6098	chr3R	16249473	16250934	.	1462	Gd7	Up	0.569016629331382	-0.423071426861979	-0.328901003992209
Region6150	chr3R	16702610	16703321	.	712	Gd7	Up	0.69013757585558	-0.484846907001019	-0.450757849430804
Region6196	chr3R	16898313	16900173	.	1861	Gd7	Down	-0.330239501240645	0.23502267078807	0.2101613991337
Region6200	chr3R	16918841	16919427	.	587	Toll10b	Down	0.351715580388212	-0.435029210998806	0.114836621636703
Region6251	chr3R	17603676	17605720	.	2045	Gd7	Down	-0.431550573768334	0.299441714048316	0.288717615949629
Region6258	chr3R	17716829	17718611	.	1783	Toll10b	Down	0.125992807652199	-0.161423659458965	0.0513783007390136
Region6270	chr3R	17925895	17927336	.	1442	Toll10b	Up	-2.03043326281183	2.62983251118388	-0.880079667336444
Region6289	chr3R	18197862	18200156	.	2295	Toll10b	Down	0.333941559286029	-0.432427168006408	0.144568201587755
Region6428	chr3R	20291845	20293591	.	1747	Toll9	Up	0.910521976909034	-2.23753536871634	2.33477213693903
Region6532	chr3R	21605195	21606056	.	862	Gd7	Up	0.788115165807808	-0.545172854066234	-0.530347434514435
Region6574	chr3R	22041457	22043214	.	1758	Toll9	Up	-0.0717770757260795	-0.0849803111539988	0.295130794196016
Region6611	chr3R	22672876	22674912	.	2037	Gd7	Up	1.46272738756161	-1.41380793532791	-0.24734173729059
Region6679	chr3R	23781062	23783480	.	2419	Toll9	Up	0.143146881105067	-0.410455012165604	0.474646709817556
Region6707	chr3R	24077868	24078392	.	525	Toll10b	Up	-2.00559803430419	2.85792794273794	-1.34647240154008
Region6796	chr3R	25183400	25185399	.	2000	Gd7	Up	1.21138056957234	-1.11041418789803	-0.315672710381844
Region6854	chr3R	26023938	26025503	.	1566	Toll9	Up	-1.24111273989687	-0.15935613773274	2.70134865438728
Region6861	chr3R	26035964	26037453	.	1490	Toll9	Up	-0.520966008523317	0.0698274595269976	0.883254971774659
Region6940	chr3R	28326034	28327212	.	1179	Toll9	Down	0.433388402129645	-0.221644475829217	-0.434916393531282
Region6969	chr3R	28858060	28859679	.	1620	Toll9	Up	0.117968333748301	-0.544124014524685	0.768587114928275
Region6970	chr3R	28860436	28861998	.	1563	Toll10b	Down	0.459392501739482	-0.73625708781241	0.45808198399304
Region6981	chr3R	29072361	29074586	.	2226	Toll10b	Down	0.519486692972519	-0.966229140545664	0.763054273856202
Region6983	chr3R	29086924	29088961	.	2038	Gd7	Up	0.295165176108222	-0.166612335793127	-0.267498358385232
Region7046	chr3R	29738308	29739747	.	1440	Toll10b	Up	-1.91424260678212	2.67157177858426	-1.18214709620601
Region7052	chr3R	29771558	29773292	.	1735	Toll10b	Up	-0.355233152136329	0.388003283139949	-0.0217924615700087
Region7084	chr3R	30084894	30085408	.	515	Toll10b	Up	-2.02303004775205	2.83605233246107	-1.27252806864893
Region7102	chr3R	30386706	30389460	.	2755	Gd7	Up	0.502613149826721	-0.452356640463232	-0.14631100939739
Region7149	chr3R	31220533	31223499	.	2967	Toll9	Up	0.311640990844469	-0.852750177986711	0.958465416950817
Region7616	chrX	521347	523672	.	2326	Toll9	Up	0.0108776297344236	-0.0635705555210627	0.0954333287767256
Region7676	chrX	1233639	1235700	.	2062	Toll9	Up	0.063760760171487	-0.224901410535038	0.288558545952222
Region7749	chrX	2122380	2124674	.	2295	Toll9	Up	-0.28033891452906	0.127028655683864	0.311289925282653
Region7754	chrX	2136361	2138883	.	2523	Gd7	Up	0.0838747949995201	-0.0673076106945897	-0.0394139178196226
Region7898	chrX	3778026	3780494	.	2469	Toll9	Up	0.0221057912264345	-0.343875993905318	0.587541869405729
Region8160	chrX	6996980	7000267	.	3288	Toll9	Up	-0.143209398394149	-0.390233200021716	0.993433927972176
Region8197	chrX	7320208	7322678	.	2471	Toll9	Up	-3.65619850228258	1.13456431435156	5.01716195194612
Region8246	chrX	8056367	8059187	.	2821	Gd7	Up	0.314454753213496	-0.261601250625884	-0.130792367963377
Region8247	chrX	8060854	8061954	.	1101	Toll9	Up	0.0801162997752734	-0.240618732281407	0.285625639212605
Region8263	chrX	8214993	8216637	.	1645	Toll10b	Down	0.868094817257832	-0.93127521930697	0.0222690669820663
Region8274	chrX	8293285	8294334	.	1050	Toll9	Down	0.164256659664408	0.905491033448014	-1.97894912170551
Region8394	chrX	9684060	9687232	.	3173	Toll9	Up	0.0259651380640246	-0.110812353470671	0.152757953970955
Region8445	chrX	10550894	10551400	.	507	Toll10b	Up	-2.02102641577196	2.90096538334232	-1.39542718917164
Region8578	chrX	12006778	12007973	.	1196	Gd7	Up	1.14923269490501	-0.893654234000186	-0.592435795739205
Region8887	chrX	16216450	16217971	.	1522	Toll10b	Down	0.296060135464924	-0.33587273133309	0.0410816444443432
Region9001	chrX	17650936	17652718	.	1783	Toll10b	Down	0.144888216984292	-0.204865987043728	0.0943453656176664
Region9025	chrX	17828360	17831663	.	3304	Toll9	Up	-0.0938616912947577	-0.210980726278314	0.569006032186517
Region9233	chrX	20377358	20378791	.	1434	Toll10b	Up	-1.95904663883087	2.50892922700426	-0.796991333225151
Region9253	chrX	20693495	20695400	.	1906	Toll9	Up	0.00940351415671092	-0.528410137330308	0.950518647507285
Region9271	chrX	20941694	20942193	.	500	Toll10b	Up	-1.90300057259021	2.70333577374389	-1.2622048200957
Region9333	chrX	23211634	23211809	.	176	Toll10b	Up	-0.604699960772564	0.842633410888357	-0.371045352701012
Region9334	chrX	23212896	23213092	.	197	Toll9	Down	0.0683128343425828	0.167427425432402	-0.439562395931553
Region9335	chrX	23215732	23215959	.	228	Toll9	Down	0.0858858296505881	0.160059431201912	-0.460165992924701
Region9336	chrX	23216967	23217732	.	766	Toll9	Down	-0.0858418678691327	0.230633134022473	-0.256204120719544
Region9337	chrX	23221280	23221852	.	573	Toll9	Down	0.443521097972762	0.192732115337065	-1.21429191052909
Region9338	chrX	23222178	23222817	.	640	Toll9	Down	0.30430707221715	0.218685252822217	-0.991637954972236
Region9339	chrX	23228051	23228385	.	335	Toll9	Down	0.824046057830762	-0.308969003992342	-1.03314429486305
Region9340	chrX	23240299	23240448	.	150	Toll10b	Up	-0.291075734556373	0.46409147789619	-0.285829777822262
Region9341	chrX	23281055	23281221	.	167	Toll9	Down	-0.162250826462378	0.428161629774577	-0.470025846464116
Region9342	chrX	23281671	23281834	.	164	Toll10b	Up	-0.542897075347351	0.854934473643235	-0.513566625595798
Region9343	chrX	23282291	23282484	.	194	Toll10b	Up	-0.262445129496901	0.530225080155824	-0.462653648814213
Region9349	chrX	23432428	23432611	.	184	Toll10b	Up	-0.630782510700921	0.866906052745449	-0.364915915349149
Region9350	chrX	23455633	23455749	.	117	Toll10b	Up	-0.726859536218893	1.10799813853578	-0.620427178627156
Region9351	chrX	23456276	23456408	.	133	Toll10b	Up	-1.06010863633086	1.22485531085427	-0.187782381530227
Region9353	chrX	23536125	23536302	.	178	Toll9	Down	-0.0183712157007023	0.332661215455971	-0.574230391635205
Region9360	chrY	652924	653245	.	322	Toll9	Down	0.163905391006145	-0.0766933224425343	-0.177558040524035
Region9385	chrY	3560295	3560513	.	219	Toll9	Down	0.151876911402832	-0.0560991380351228	-0.191965721870346
