geneID	ChIP_region	ChIP_factor	ChIP_direction	Gd7	Toll10b	Toll9
FBgn0002931	Region8	Toll9	Down	3.22085575710101	2.12482144058611	-5.31701993313892
FBgn0002931	Region13	Toll9	Down	-0.0543668147940365	1.18072099257462	-1.27407378255008
FBgn0003963	Region39	Gd7	Up	3.09511904580041	-2.49817468725033	-0.0199525688445878
FBgn0003963	Region42	Gd7	Up	5.16505890025124	-1.94857069568281	-2.522330023408
FBgn0003963	Region44	Gd7	Up	4.83353694196498	-2.08517058397235	-2.06709481666192
FBgn0031270	Region48	Gd7	Down	-1.98138920868053	0.261744643247269	1.5121435316974
FBgn0284247	Region49	Toll9	Up	-0.492526887796413	-0.689315757256333	1.22156053362747
FBgn0284247	Region51	Toll9	Up	-0.332864681764942	-0.944813080570764	1.36248492388879
FBgn0002543	Region82	Toll9	Up	-0.222577202151454	-1.22717117655433	1.57851420849195
FBgn0002543	Region86	Toll9	Up	-0.958374787985537	-0.116776952525005	1.00424063828666
FBgn0031375	Region102	Toll10b	Down	0.743759452349537	-1.94495400849407	1.50257951863315
FBgn0031398	Region116	Gd7	Up	1.5249146261248	-1.44913572201152	0.234918131948162
FBgn0031398	Region126	Gd7	Up	1.63411466422046	-1.35008487059434	0.0243698914389505
FBgn0000490	Region135	Gd7	Up	5.52970892335389	-3.52190807067049	-1.0908733911555
FBgn0000490	Region136	Gd7	Up	6.42549006846789	-3.67912406800922	-1.73092220577428
FBgn0000490	Region137	Gd7	Up	3.68552224888402	-1.93158112504682	-1.19312961892954
FBgn0261560	Region188	Gd7	Up	1.60969869082101	-1.57444009626082	0.298126775228637
FBgn0261560	Region189	Gd7	Up	3.94921115651617	-2.41328573085539	-0.893417125216635
FBgn0261560	Region190	Gd7	Up	3.19706834532006	-2.07990300510194	-0.581747600927922
FBgn0004567	Region199	Toll9	Up	-0.118904991782252	-0.845128857545562	1.05576312727626
FBgn0000547	Region204	Toll10b	Down	0.530211795107852	-1.04339103929468	0.686504012607624
FBgn0031645	Region251	Toll10b	Up	-1.75788942041231	3.74707929047464	-2.59866616540138
FBgn0031645	Region252	Toll10b	Up	-1.43609778355887	3.19134489889315	-2.26891135960299
FBgn0031645	Region253	Toll10b	Up	-1.01869481946278	2.10531147166767	-1.43180577368763
FBgn0031738	Region297	Toll9	Down	0.207530997737028	0.744963671857477	-1.02423712678965
FBgn0000320	Region323	Toll9	Down	0.682985212285692	0.416524979131963	-1.08931311539161
FBgn0000320	Region326	Toll9	Down	0.211720027022102	0.864870616338676	-1.1624729582945
FBgn0284084	Region373	Toll9	Up	-0.185952346452346	-0.87937150335865	1.15524767795537
FBgn0284084	Region380	Toll9	Up	0.000110657400561668	-0.979589232224633	1.09804190830224
FBgn0003502	Region422	Gd7	Up	1.19078107129238	-1.1246210414352	0.175612828009291
FBgn0003502	Region423	Gd7	Up	2.36640081631513	-0.7841094679418	-1.27740678339137
FBgn0003502	Region424	Gd7	Up	2.38883260556189	-1.17266661156155	-0.862266262380952
FBgn0262029	Region440	Toll10b	Down	0.441952596524822	-1.66182293374137	1.46020811240626
FBgn0262029	Region444	Toll10b	Down	1.39893139555733	-2.23207614996922	1.22741668859423
FBgn0029123	Region455	Toll9	Up	0.101419760075351	-1.87875637117462	2.01371040613673
FBgn0029123	Region456	Toll9	Up	0.0440625463316055	-1.70729773130367	1.87376867925876
FBgn0029123	Region457	Toll9	Up	-2.3665740958523	-2.13502090505959	4.54997901994457
FBgn0029123	Region458	Toll9	Up	-2.10907023376733	-1.65555582474162	3.77783371459444
FBgn0029123	Region459	Toll9	Up	-1.27183368329209	-1.37219327291166	2.6972353920186
FBgn0029123	Region460	Toll9	Up	-2.36762688121991	-0.675672594608346	2.91497434014067
FBgn0029123	Region461	Toll9	Up	-3.18613334391745	-1.59237517476961	4.68849382035727
FBgn0029123	Region462	Toll9	Up	-3.59423181079949	-0.739925991978774	4.10476287011497
FBgn0029123	Region463	Toll9	Up	-1.65813247573644	-0.697182240748499	2.29255159044115
FBgn0029123	Region464	Toll9	Up	-2.37477999668428	-1.87623731472773	4.267354210707
FBgn0029123	Region465	Toll9	Up	-3.0983546451563	-2.01363271201689	5.08074407622424
FBgn0029123	Region466	Toll9	Up	-2.5698629236416	-1.44687179098881	3.96379701804533
FBgn0029123	Region467	Toll9	Up	-0.462350182235814	-1.53570733221714	2.14288665213853
FBgn0032221	Region548	Toll10b	Down	1.00151558485845	-1.00694316767732	0.21616366337926
FBgn0032221	Region550	Toll10b	Down	0.620642656366425	-1.06115517502933	0.624011786366934
FBgn0051721	Region602	Gd7	Down	-0.888662915679166	-0.0552563558025417	0.871748783404028
FBgn0051721	Region603	Gd7	Down	-0.923732579596238	0.130555605092971	0.69540683738933
FBgn0004394	Region671	Toll9	Up	-0.911855743940637	-0.238997575553508	1.09886179781333
FBgn0028509	Region712	Toll9	Up	-0.085039602370298	-1.04297850878406	1.24669701953906
FBgn0012037	Region722	Toll9	Down	0.626371418330348	0.923849697579754	-1.60644612709775
FBgn0261563	Region732	Gd7	Down	-0.962335754880051	0.0771649439602923	0.79043665596523
FBgn0015609	Region814	Toll10b	Up	-2.02040438180771	2.87335736219418	-1.37998316297031
FBgn0015609	Region815	Toll10b	Up	-3.4655588474145	5.63595390773798	-3.16000444305871
FBgn0015609	Region816	Toll10b	Up	-3.09529739804222	5.60826873684331	-3.46637404631375
FBgn0015609	Region817	Toll10b	Up	-3.10810794412275	4.94798435370972	-2.71450583471869
FBgn0015609	Region818	Toll10b	Up	-2.54239708454624	4.47929217889564	-2.70460183252122
FBgn0032682	Region832	Toll10b	Down	2.04031329350373	-3.74146936920578	2.33501505505078
FBgn0032682	Region833	Toll10b	Down	0.696924933291073	-1.98372357481222	1.58871965745362
FBgn0032693	Region839	Toll10b	Up	-6.13943195453905	6.75357315117896	-1.97628208557312
FBgn0003896	Region851	Gd7	Up	3.55588927710336	-2.07614719485836	-0.912937975726144
FBgn0003896	Region852	Gd7	Up	5.39558098196466	-2.42177342559647	-2.20192465277559
FBgn0003896	Region853	Gd7	Up	5.19699396624693	-2.37152085450932	-2.07729409596642
FBgn0015380	Region875	Toll9	Up	-0.585979157904213	-1.19119954335681	1.86934369251093
FBgn0015380	Region876	Toll9	Up	-0.852294242558244	-0.419850948794043	1.24732655902198
FBgn0015380	Region885	Toll9	Up	-1.47892396379163	-1.04329794108709	2.51724951547609
FBgn0015380	Region886	Toll9	Up	-0.958230484745645	-0.734807155145576	1.69693564502655
FBgn0051687	Region933	Toll9	Down	0.582623009030001	0.490924825366097	-1.08126080440733
FBgn0039993	Region1055	Toll9	Up	0.159893231725211	-1.69233243169143	1.75144007565286
FBgn0039994	Region1095	Toll9	Up	-1.13898203163937	-0.844905441778379	1.985070521682
FBgn0039994	Region1096	Toll9	Up	-0.918706130528152	-0.393815725099056	1.27865911244913
FBgn0024189	Region1274	Toll10b	Up	-0.84586847524292	0.955776388930969	-0.30063984996042
FBgn0033391	Region1304	Gd7	Up	1.41898254721947	-0.0326243668363002	-1.25649274927074
FBgn0004360	Region1316	Gd7	Up	4.49604582489658	-2.6592684106671	-1.11597458203564
FBgn0004360	Region1317	Gd7	Up	3.78842078589164	-1.86332723727892	-1.36341141229171
FBgn0004360	Region1319	Gd7	Up	2.60109981517943	-1.79674171525544	-0.35609440645874
FBgn0004360	Region1320	Gd7	Up	3.45113638619019	-2.34678844544914	-0.514085348941735
FBgn0004360	Region1324	Gd7	Up	2.79599207034526	-0.0136152623418577	-2.53261940509238
FBgn0033453	Region1333	Toll9	Up	-0.479430715375604	-0.857354092518967	1.39800144059923
FBgn0033453	Region1337	Toll9	Up	-0.402382633943991	-0.591676391902299	1.0299594220802
FBgn0011656	Region1346	Toll10b	Up	-1.87910062184986	3.12594242630376	-1.79190180931517
FBgn0011656	Region1347	Toll10b	Up	-2.41980664903767	4.73160896289423	-3.09916698160402
FBgn0011656	Region1348	Toll10b	Up	-3.41369947306235	6.20204555594419	-3.8418640952337
FBgn0011656	Region1349	Toll10b	Up	-0.431527188845052	2.43845627098905	-2.34033277217228
FBgn0033483	Region1361	Gd7	Up	1.09221498800959	-0.667651627897028	-0.246841149694681
FBgn0033483	Region1362	Gd7	Up	4.29820269891887	-2.35177671356395	-1.28039306097314
FBgn0033483	Region1363	Gd7	Up	3.50525723957961	-1.50118590163671	-1.51134414049062
FBgn0033483	Region1364	Gd7	Up	3.83182139309343	-1.56283709298605	-1.73981732721945
FBgn0263102	Region1391	Gd7	Up	2.52530351801141	-0.392891696718593	-1.86077323393469
FBgn0263102	Region1393	Gd7	Up	1.71466668561139	-0.216188855850256	-1.32015844328411
FBgn0263102	Region1394	Gd7	Up	1.52173108851815	-1.13342661909677	-0.116098216819421
FBgn0003396	Region1419	Gd7	Up	3.61057018191783	-1.50613240746443	-1.6017667145247
FBgn0003396	Region1430	Gd7	Up	2.02041714916216	-0.650748935288946	-1.11162519526861
FBgn0033638	Region1453	Toll10b	Up	-0.35722786127879	1.19853182823341	-1.01805426818204
FBgn0033652	Region1459	Toll9	Up	-2.19738371225546	-2.09581696567356	4.35185364017653
FBgn0033652	Region1460	Toll9	Up	-1.42130295155029	-1.17419165442401	2.61147660864291
FBgn0033652	Region1461	Toll9	Up	-0.0318789132898752	-1.71380255067513	1.95026333249207
FBgn0010238	Region1495	Toll10b	Down	0.742500191553525	-1.34136992502652	0.827094972741706
FBgn0010238	Region1506	Toll10b	Down	4.67591984251981	-4.93251599611301	1.26847741018623
FBgn0010238	Region1507	Toll10b	Down	2.70191880136857	-3.05210315896298	0.959322973773154
FBgn0003326	Region1521	Toll9	Up	-0.976804809041251	-0.200581904673338	1.11498256104652
FBgn0003326	Region1522	Toll9	Up	-0.28990313903045	-0.702466933161941	1.05165991045773
FBgn0003326	Region1526	Toll9	Up	0.0074750034753449	-1.76160514250987	1.96798942635692
FBgn0003326	Region1527	Toll9	Up	-0.386979675527008	-1.66365674748503	2.2176386705088
FBgn0003326	Region1528	Toll9	Up	-1.59252109346184	-1.11691134888639	2.70328868301509
FBgn0033856	Region1568	Toll9	Up	-1.23380123502911	-1.40415340669955	2.69840591949132
FBgn0034005	Region1668	Toll9	Down	-0.102380531948121	1.35961378362664	-1.43086374619778
FBgn0265991	Region1690	Toll10b	Up	-1.34083351658016	1.40382741865605	-0.351872643232551
FBgn0265991	Region1699	Toll10b	Up	-3.28833709916225	5.09432915697137	-2.71432577575668
FBgn0265991	Region1700	Toll10b	Up	-2.69033087246584	4.17777537061255	-2.23178784606901
FBgn0034083	Region1732	Gd7	Down	-0.937470288120717	0.181230617885226	0.651117604221877
FBgn0034083	Region1735	Gd7	Down	-1.96555448629999	1.38718105901978	0.236073048962785
FBgn0264273	Region1747	Gd7	Up	4.02994981233533	-1.93071137259788	-1.50796851920701
FBgn0264273	Region1754	Gd7	Up	1.5361147124795	-1.3599043952342	0.124681482248592
FBgn0040505	Region1758	Gd7	Up	1.78787079790163	-1.12337535790782	-0.369889028424467
FBgn0259211	Region1827	Toll10b	Down	1.0281187808975	-1.11583701260623	0.313993752201136
FBgn0003067	Region1861	Gd7	Up	1.21150659917377	-0.134513310463463	-0.953207798831088
FBgn0003067	Region1863	Gd7	Up	2.9501627046216	-1.55824582918746	-0.941541832692109
FBgn0003067	Region1866	Gd7	Up	1.46096239777787	-0.727792849054214	-0.515447064016734
FBgn0003067	Region1867	Gd7	Up	2.4663972741019	-0.446596161782065	-1.74689021072651
FBgn0050115	Region1868	Toll10b	Up	-3.08142204311688	3.68773642273089	-1.32605589351903
FBgn0050115	Region1869	Toll10b	Up	-1.2943640749247	2.69742573552384	-1.84437287036884
FBgn0034479	Region1930	Toll9	Up	-0.645935237226961	-1.1052259022	1.82760092371946
FBgn0034479	Region1932	Toll9	Up	-0.445421788199197	-0.796460852426143	1.29874761873717
FBgn0034501	Region1942	Gd7	Up	2.82359371041001	-1.04346810171179	-1.40328230067023
FBgn0034501	Region1943	Gd7	Up	2.60661576830836	-0.736040474207031	-1.55019211765635
FBgn0034590	Region1976	Gd7	Up	1.86587515651249	-0.0309940838877878	-1.66555676557689
FBgn0034590	Region1982	Gd7	Up	2.28373509203119	-0.664391540694065	-1.33628325114305
FBgn0034590	Region1983	Gd7	Up	2.34320142164781	-0.253630869790194	-1.85094512860724
FBgn0000395	Region1990	Gd7	Up	2.76690140835065	-0.650894203918354	-1.79170538127054
FBgn0000395	Region1992	Gd7	Up	3.92057925524253	-1.74395457078089	-1.61766204425083
FBgn0000395	Region1993	Gd7	Up	4.60810864486463	-1.9424414977218	-2.02167317468512
FBgn0000395	Region1994	Gd7	Up	5.13157863195866	-2.80689441414504	-1.52961948263366
FBgn0000395	Region1995	Gd7	Up	4.71493363573692	-2.50916946815835	-1.48370328527788
FBgn0260866	Region2056	Gd7	Down	-1.37953070789937	0.48321894211285	0.715414573323715
FBgn0028371	Region2076	Toll10b	Down	1.20874140330927	-3.1507417692841	2.43057560909944
FBgn0050272	Region2078	Toll10b	Up	-2.02770340665071	2.93642717455692	-1.44403459054819
FBgn0050272	Region2079	Toll10b	Up	-1.28492060986529	1.92272301286643	-0.984518231919392
FBgn0050272	Region2080	Toll10b	Up	-1.50870665580639	1.63493116249273	-0.457968938088418
FBgn0003900	Region2092	Toll10b	Up	-2.79134014476193	5.47863975182402	-3.5980416971181
FBgn0003900	Region2093	Toll10b	Up	-5.54294731586628	7.90191761530608	-3.80715746816425
FBgn0003900	Region2094	Toll10b	Up	-4.34533909840911	7.25224369206522	-4.17019293778791
FBgn0003900	Region2095	Toll10b	Up	-1.49970469705573	2.93775165453075	-1.92666473386928
FBgn0003900	Region2096	Toll10b	Up	-2.85057358244533	4.4475398244282	-2.38817703634318
FBgn0005636	Region2182	Gd7	Down	-1.34104275186714	0.134967435733546	1.07074013868127
FBgn0284252	Region2194	Toll9	Up	-0.255575484264494	-1.65098918158978	2.08369433056488
FBgn0284252	Region2200	Toll9	Up	0.0950065981097099	-1.05354302130799	1.09447075618921
FBgn0284252	Region2201	Toll9	Up	-1.34051192071697	-0.357217592068275	1.62200749348655
FBgn0284252	Region2202	Toll9	Up	-0.89668025470603	-0.732456787113647	1.63821241657693
FBgn0284252	Region2203	Toll9	Up	-0.440534592438802	-0.992510232023284	1.5140701020389
FBgn0284252	Region2204	Toll9	Up	-0.68656101949583	-0.325113451906629	0.990097125509852
FBgn0284252	Region2207	Toll9	Up	-0.770642973819892	-0.467187151793573	1.22598583358981
FBgn0000157	Region2209	Gd7	Up	1.42270210482756	-0.0696721016945177	-1.21835085342207
FBgn0001148	Region2235	Gd7	Down	-1.8759477223289	1.10059146247002	0.475691504504237
FBgn0001148	Region2236	Gd7	Down	-2.11201342495262	1.24665875976629	0.527064400439341
FBgn0052475	Region2242	Toll10b	Down	1.39105592085297	-1.77803593174727	0.725603466877377
FBgn0052475	Region2243	Toll10b	Down	0.916420386339949	-3.39534822517643	2.97116639419321
FBgn0000575	Region2287	Toll9	Down	0.617747806873216	1.26874804847087	-1.98522697991253
FBgn0000575	Region2303	Toll9	Down	0.698808511515031	2.61256201836602	-3.56554186147093
FBgn0025525	Region2313	Toll10b	Up	-0.817540003553598	1.567002544227	-1.01165352752906
FBgn0025525	Region2314	Toll10b	Up	-0.507111085579649	1.77899269114083	-1.5321817065098
FBgn0035257	Region2354	Gd7	Up	2.15297277651654	-1.80016072192491	0.0560997005994394
FBgn0035348	Region2377	Toll10b	Up	-0.409822238698469	2.06465485694134	-1.94107143259164
FBgn0035348	Region2378	Toll10b	Up	-1.56333921331511	4.01138076164487	-3.07224066681586
FBgn0035348	Region2379	Toll10b	Up	-0.652276204801907	2.7888032072427	-2.53191971367977
FBgn0035348	Region2380	Toll10b	Up	-0.495246730420199	3.51624931579934	-3.49049909759121
FBgn0035348	Region2381	Toll10b	Up	-0.837555645395906	4.00141228081177	-3.72244503756899
FBgn0052485	Region2400	Gd7	Up	2.76474537332874	-2.2040804616564	-0.0485820611769517
FBgn0052485	Region2410	Gd7	Up	3.8659637165912	-2.62123898742033	-0.584436334304133
FBgn0014388	Region2435	Toll10b	Up	-1.59377295169826	2.5107731435521	-1.36229084015742
FBgn0001257	Region2466	Gd7	Down	-1.41107700875542	0.0633545478833995	1.21483946805887
FBgn0001257	Region2475	Gd7	Down	-1.4886463927458	-0.065929580206574	1.4304561025784
FBgn0035558	Region2485	Toll10b	Up	-1.90276584896214	1.97367847070407	-0.47862137409016
FBgn0035558	Region2486	Toll10b	Up	-3.12043077477921	5.4487498837044	-3.26464653010653
FBgn0035558	Region2487	Toll10b	Up	-3.53383994488279	5.27948076854155	-2.69816760880424
FBgn0268063	Region2583	Toll10b	Up	-2.62067754324212	4.96370855876459	-3.17631003688486
FBgn0268063	Region2584	Toll10b	Up	-2.13792416564644	3.51327350776162	-1.99025296862946
FBgn0262579	Region2594	Gd7	Up	1.14243852783244	-0.349068545216119	-0.649747159306758
FBgn0262719	Region2628	Gd7	Up	6.62944058323427	-2.67992338994793	-3.03690228260579
FBgn0262719	Region2629	Gd7	Up	5.48726388560204	-1.89455535985635	-2.87649578244248
FBgn0262719	Region2630	Gd7	Up	0.999999997748791	-0.269632450753609	-0.60899802749383
FBgn0262719	Region2631	Gd7	Up	2.15739372948678	-1.61891185288808	-0.151113225509138
FBgn0263930	Region2647	Toll9	Up	-0.311703565568268	-1.0955608101049	1.51219337204096
FBgn0041094	Region2758	Gd7	Up	3.64797273934884	-1.23105447302327	-1.94421914270947
FBgn0041094	Region2759	Gd7	Up	2.61908144743279	-0.193614407126433	-2.16962409934791
FBgn0041094	Region2762	Gd7	Up	3.01612635524685	-0.817426035479705	-1.83212857375413
FBgn0041094	Region2767	Gd7	Up	2.12224371985013	-1.08680657359334	-0.715584972793641
FBgn0002778	Region2900	Gd7	Up	1.27414114684989	-0.601899511860195	-0.486333297777245
FBgn0002778	Region2904	Gd7	Up	1.44077532280355	-0.250672750711519	-1.03191427998049
FBgn0002778	Region2905	Gd7	Up	0.981713263261434	-0.785860053311763	-0.0136306365876758
FBgn0002778	Region2906	Gd7	Up	4.73671862170058	-2.91910299477679	-1.04400992478138
FBgn0002778	Region2907	Gd7	Up	2.5863476494397	-1.57972634641618	-0.585930684415799
FBgn0002778	Region2908	Gd7	Up	3.01356263070274	-1.22927584720109	-1.36809894793143
FBgn0002778	Region2915	Gd7	Up	1.1178872344366	-0.107723122026511	-0.897928428269282
FBgn0036494	Region2928	Toll9	Up	-0.475660491031087	-0.515525992129191	1.01136837483899
FBgn0036494	Region2929	Toll9	Up	-1.47910237977046	-1.07912351720634	2.55757341916786
FBgn0000489	Region2966	Toll10b	Up	-2.49064328700268	4.55567039200123	-2.83738490924518
FBgn0000489	Region2967	Toll10b	Up	-1.37611425445767	3.85294722116563	-3.06524397780421
FBgn0000489	Region2973	Toll10b	Up	-1.03609151868189	3.46733355520838	-2.94281185231215
FBgn0044028	Region2977	Gd7	Down	-1.0781778552435	0.24347364344661	0.709563212302538
FBgn0044028	Region2995	Gd7	Down	-1.37202881451715	0.839007312059393	0.309731184849607
FBgn0052182	Region3080	Toll10b	Up	-0.573126019377161	1.63254689587254	-1.30785557232302
FBgn0036896	Region3149	Toll9	Up	-0.49480300045963	-0.556184093157131	1.07439091874709
FBgn0026179	Region3228	Toll9	Up	-1.82537981989081	-1.07387262695602	2.86723665696441
FBgn0026179	Region3236	Toll9	Up	-0.390811703710226	-0.585699100460392	1.01271458308425
FBgn0014143	Region3242	Gd7	Down	-1.16967741600112	0.0692251939300896	0.988279963100679
FBgn0016034	Region3291	Toll10b	Up	-0.748936611282632	1.57887644613603	-1.08748014469239
FBgn0016034	Region3292	Toll10b	Up	-2.92402070380414	4.97173905676819	-2.90888719977515
FBgn0037207	Region3302	Toll10b	Up	-2.18526394164582	4.72424793787205	-3.30464504790135
FBgn0037207	Region3303	Toll10b	Up	-2.32805799713075	3.91902707102219	-2.27185051858128
FBgn0037207	Region3304	Toll10b	Up	-1.94062817145102	3.16958414306722	-1.78475746579428
FBgn0037207	Region3305	Toll10b	Up	-1.48580189073895	3.03227149551015	-2.04529282040252
FBgn0266801	Region3644	Gd7	Up	5.48480975037954	-1.57428789394344	-3.23328684113234
FBgn0266801	Region3645	Gd7	Up	4.47979453388334	-1.04399848938365	-2.91192125633612
FBgn0266801	Region3655	Gd7	Up	5.17049395123093	-2.85370445456963	-1.51260638502117
FBgn0043791	Region3722	Gd7	Up	4.92993875709641	-2.35663319428411	-1.85062614582287
FBgn0043791	Region3738	Gd7	Up	2.35156691651804	-0.691597440835568	-1.36759738328232
FBgn0037819	Region3786	Toll10b	Up	-0.20871626965476	1.17886281769158	-1.13133787020715
FBgn0037819	Region3788	Toll10b	Up	-1.77714237840179	2.17121514165087	-0.814540608909934
FBgn0037819	Region3794	Toll10b	Up	-1.83800668590702	4.67134239450373	-3.56177915923566
FBgn0037819	Region3795	Toll10b	Up	-1.20581811041346	2.494161193108	-1.69719710871075
FBgn0037819	Region3796	Toll10b	Up	-1.30425822253208	2.36743851749546	-1.46543321337892
FBgn0038038	Region3870	Gd7	Up	1.27278885509366	0.0216636031375215	-1.1841300359142
FBgn0038038	Region3872	Gd7	Up	1.73831524175076	-0.0978277730303054	-1.47439406232044
FBgn0038038	Region3873	Gd7	Up	1.91388602696476	-0.919012957046158	-0.713817063045461
FBgn0038071	Region3888	Gd7	Up	2.43134353109191	-1.27219793845384	-0.789427893887522
FBgn0038071	Region3889	Gd7	Up	2.55163310139058	-0.608394574927585	-1.6431825591739
FBgn0038071	Region3896	Gd7	Up	1.08659663403737	-0.352977922115099	-0.59447803713848
FBgn0003308	Region3911	Toll10b	Up	-3.99826471900187	6.40285174614366	-3.53428026628893
FBgn0003308	Region3912	Toll10b	Up	-4.4892844352103	7.36171686747749	-4.16174298931636
FBgn0038150	Region3921	Toll10b	Down	0.834869107240194	-2.51486276211934	2.05843593612266
FBgn0038150	Region3922	Toll10b	Down	0.656895398640798	-2.21293809944101	1.88215198180452
FBgn0000576	Region3936	Toll9	Up	-1.00007798456639	-0.157365578664995	1.08774400505802
FBgn0000576	Region3938	Toll9	Up	-1.50184027648015	-0.502270445153126	1.93162764386783
FBgn0020299	Region3959	Toll10b	Up	-3.06755435040857	5.21315497345663	-3.04872334919878
FBgn0020299	Region3960	Toll10b	Up	-2.09758120289116	4.31821913128993	-2.9293791152953
FBgn0020299	Region3961	Toll10b	Up	-3.61168805149011	4.37336862218303	-1.61145436503534
FBgn0020299	Region3962	Toll10b	Up	-3.31901362382938	5.17354697829074	-2.77517646756053
FBgn0020299	Region3963	Toll10b	Up	-2.37130622385843	3.61130163642671	-1.88747253033936
FBgn0265140	Region3968	Toll9	Up	-3.05126282746989	-1.94521267006239	4.96113058491531
FBgn0265140	Region3969	Toll9	Up	-3.30080806278173	-1.61876977244152	4.82258154913918
FBgn0265140	Region3970	Toll9	Up	-1.13105406165121	-1.19450740663206	2.36975814914019
FBgn0003117	Region4038	Gd7	Up	5.70011468301116	-2.33408827024817	-2.57773190059212
FBgn0040271	Region4055	Toll9	Up	-0.634137536454122	-0.658687499991316	1.31626999050345
FBgn0259244	Region4058	Toll10b	Down	0.224150489107714	-1.21242096217287	1.15489272170135
FBgn0038445	Region4070	Toll10b	Down	0.454231778063172	-1.52253593847165	1.29287453311077
FBgn0038445	Region4071	Toll10b	Down	1.10157904507479	-1.28499291092725	0.436679946883184
FBgn0020493	Region4096	Gd7	Up	2.01656425934077	-0.517745210675039	-1.25721452922056
FBgn0020493	Region4097	Gd7	Up	5.24956356425697	-3.31148575838971	-1.07147585884371
FBgn0020493	Region4098	Gd7	Up	7.27429784190817	-3.64389669576562	-2.54389953144722
FBgn0010389	Region4129	Toll10b	Up	-2.87974601458483	5.56488299011985	-3.61416146639804
FBgn0010389	Region4130	Toll10b	Up	-1.5993152679753	2.83432993036228	-1.71995516226109
FBgn0010389	Region4131	Toll10b	Up	-2.41912595451203	5.02988632466473	-3.43416326484187
FBgn0014135	Region4213	Gd7	Up	1.37942623712424	-0.074249910986403	-1.17378334976001
FBgn0262582	Region4226	Toll9	Up	-0.188716363271291	-1.41532084990796	1.75857834237855
FBgn0262582	Region4227	Toll9	Up	0.237131681689465	-2.02293965238645	2.05167411058001
FBgn0262582	Region4228	Toll9	Up	-0.585089466559574	-0.78453850394651	1.41265628693275
FBgn0262582	Region4229	Toll9	Up	-0.758798789122007	-1.38747974035918	2.24686247676403
FBgn0004110	Region4286	Toll10b	Up	-2.55585569472039	3.60130105033517	-1.70808864307132
FBgn0266581	Region4315	Gd7	Up	1.0182467716656	-1.00619181953853	0.200074882908593
FBgn0266581	Region4317	Gd7	Up	1.03466319311679	-0.680531857298244	-0.179957320682872
FBgn0003719	Region4454	Toll10b	Down	2.15594090919342	-2.73163566383803	1.09760043934859
FBgn0013953	Region4457	Toll9	Up	-0.659689714717529	-0.290343028346351	0.926631847006098
FBgn0013953	Region4468	Toll9	Up	-0.940833612791395	-0.496058287737751	1.41343939091599
FBgn0013953	Region4470	Toll9	Up	-0.738178066618363	-0.400215421746765	1.12132488776895
FBgn0002734	Region4521	Toll9	Up	-0.846678798562981	-0.42257740365104	1.24526583657837
FBgn0002734	Region4526	Toll9	Up	-0.323319370425769	-0.919059266088796	1.32491600417836
FBgn0002609	Region4530	Gd7	Down	-1.71934957892197	-0.058038013556186	1.63184060782877
FBgn0002609	Region4533	Gd7	Down	-1.35517528139273	0.244420459999779	0.960919147106287
FBgn0027579	Region4573	Toll9	Down	0.909726285987775	1.94354105114674	-3.00775493778544
FBgn0004606	Region4692	Toll10b	Up	-2.39772485058779	3.59337575201937	-1.84330288793669
FBgn0002780	Region4727	Toll9	Down	2.02142397965741	0.593292291151293	-2.50714238146668
FBgn0002780	Region4728	Toll9	Down	0.477214533618131	1.93552298270688	-2.60463479670402
FBgn0262656	Region4959	Toll10b	Up	-0.66249891469094	2.09679824677254	-1.74685018090377
FBgn0262656	Region4960	Toll10b	Up	-0.697340037460764	3.33957890566594	-3.10828734917477
FBgn0262656	Region4961	Toll10b	Up	-0.388148870053602	1.68650927359712	-1.53691139723499
FBgn0262656	Region4962	Toll10b	Up	-1.4267353002621	2.97019544626439	-2.02952926079375
FBgn0262656	Region4963	Toll10b	Up	-1.15007227719325	1.38750177336427	-0.507404752248594
FBgn0024250	Region5114	Gd7	Down	-3.24950718734729	2.04704408815561	0.666368770500135
FBgn0024250	Region5115	Gd7	Down	-4.42575384995753	1.28559761965907	2.59183766205431
FBgn0024250	Region5116	Gd7	Down	-2.10279006485141	-0.0862113465988653	2.0128384783278
FBgn0024250	Region5118	Gd7	Down	-2.43552389479722	0.155321777484062	2.04528194927921
FBgn0024250	Region5119	Gd7	Down	-2.74344851759152	1.06366927342366	1.30760300786005
FBgn0029943	Region5122	Gd7	Down	-4.39495403262659	0.588840733228129	3.34485192995813
FBgn0029943	Region5123	Gd7	Down	-2.46873670120248	0.363139741216243	1.84257866810034
FBgn0029504	Region5128	Toll10b	Up	-1.31034295031943	1.79801476765919	-0.821550910468055
FBgn0083940	Region5233	Toll9	Up	-0.998789842646098	-0.366597813316298	1.32112446374808
FBgn0083940	Region5239	Toll9	Up	-0.110172213296907	-1.53470639453578	1.82083803702161
FBgn0083940	Region5241	Toll9	Up	-0.988324542903247	-0.827365189726686	1.82811897905904
FBgn0030181	Region5243	Toll9	Up	-0.186211203789396	-0.987733390147449	1.27695980825047
FBgn0030407	Region5351	Gd7	Up	1.0575604878419	-0.219777135143374	-0.717339728088663
FBgn0030478	Region5384	Gd7	Down	-0.894460809581649	-0.0591065977305761	0.881348398555489
FBgn0030482	Region5391	Toll10b	Up	-1.77768716282753	3.62203514065289	-2.44044777160884
FBgn0030510	Region5397	Toll10b	Up	-0.175704832268529	0.94212108300466	-0.89602685626078
FBgn0030510	Region5399	Toll10b	Up	-2.4384438122731	4.408461509875	-2.71992768191537
FBgn0030510	Region5400	Toll10b	Up	-1.02075225793183	2.50278596144329	-1.87550923081892
FBgn0015773	Region5426	Gd7	Down	-3.9960726052426	3.707120763296	-0.51429953477509
FBgn0003463	Region5445	Gd7	Down	-1.04438036209583	0.657564502799895	0.214559160115642
FBgn0003463	Region5448	Gd7	Down	-1.04112268378114	-0.069655227972794	1.02682111414268
FBgn0003463	Region5451	Gd7	Down	-4.05620612934123	1.54527360673555	1.96397978424411
FBgn0003463	Region5452	Gd7	Down	-4.99636528301782	1.16200942270828	3.25035970237705
FBgn0003463	Region5453	Gd7	Down	-3.66111657667781	1.22187152018932	1.96649093519247
FBgn0003463	Region5454	Gd7	Down	-3.382712878251	1.58073167092631	1.31050137934991
FBgn0030666	Region5457	Gd7	Down	-0.944326358447267	0.155142876372292	0.686610259836213
FBgn0001250	Region5542	Toll10b	Up	-2.40247959127529	4.31614735086428	-2.64921416400228
FBgn0001250	Region5543	Toll10b	Up	-1.26174527929341	2.63179052740393	-1.80051852837338
FBgn0030904	Region5615	Toll9	Up	-0.397101155680135	-0.911715745578665	1.38391831014861
FBgn0031032	Region5658	Gd7	Up	1.58342820213807	-0.46682582348524	-0.919595767237283
FBgn0031032	Region5660	Gd7	Up	2.24548240832878	-0.0931390250976599	-1.9418126279295
FBgn0031032	Region5661	Gd7	Up	2.65335980258577	-0.116507034033153	-2.28729986817288
FBgn0031032	Region5662	Gd7	Up	4.26968643378973	-1.50041955632993	-2.20879881182814
FBgn0040089	Region5684	Toll10b	Up	-0.447732815731984	2.23568792175496	-2.09825706853203
FBgn0040089	Region5685	Toll10b	Up	-1.08671281329431	1.94288961597804	-1.18774478383694
FBgn0040089	Region5686	Toll10b	Up	-1.30305951507284	2.85618110642402	-2.01441757611867
FBgn0040089	Region5705	Toll10b	Up	-0.607151195257378	1.64041214005803	-1.28566683412504
FBgn0002931	Region1	Toll10b	Up	-0.644097437011776	0.991642608536817	-0.524713092196557
FBgn0002931	Region2	Toll10b	Up	-0.684852643975872	1.32815754451393	-0.86481562344942
FBgn0002931	Region3	Gd7	Up	1.20221391751519	-0.157193969381161	-0.919314171272372
FBgn0002931	Region12	Toll10b	Up	-0.186167241452031	1.16714530070349	-1.13875033744763
FBgn0031270	Region47	Toll9	Up	-0.616385296336515	-0.921830155735865	1.59508219535841
FBgn0284247	Region54	Toll10b	Down	1.19604709080445	-1.46570833893177	0.553181046929345
FBgn0002543	Region85	Gd7	Down	-1.65145935407317	1.64213072706109	-0.335954654559596
FBgn0002543	Region87	Gd7	Down	-1.32652006007243	0.297956034648019	0.87479207342197
FBgn0031375	Region103	Toll9	Up	-0.0381145399572613	-2.73015845344448	3.0953046798993
FBgn0031398	Region117	Toll10b	Down	0.627083377769132	-2.54227940127617	2.27851796037321
FBgn0031398	Region119	Toll10b	Down	1.02957865148409	-2.32476876012698	1.66790456847166
FBgn0031398	Region121	Toll10b	Down	0.412252503336448	-1.12338090462138	0.883666414454784
FBgn0031398	Region124	Toll10b	Down	0.809586086051962	-1.00285971859562	0.386484155374191
FBgn0000490	Region131	Toll10b	Down	0.578244610399763	-1.05312101542095	0.653641048039748
FBgn0261560	Region186	Toll9	Down	0.737092990044804	0.338250024551119	-1.05087141941266
FBgn0004567	Region193	Gd7	Down	-1.51691018006608	0.126308753832779	1.24070810053684
FBgn0004567	Region195	Toll10b	Down	1.42247369750461	-1.7502469664644	0.665821539709136
FBgn0000547	Region200	Gd7	Up	2.63582448394341	-1.15628100481426	-1.105709327103
FBgn0000547	Region206	Toll9	Up	-0.143789515183475	-1.40676842783165	1.70805072724118
FBgn0000547	Region208	Gd7	Up	2.21370875008686	-1.75598378480949	-0.0487701018073498
FBgn0031645	Region254	Toll9	Down	1.51765868086196	0.172588096203325	-1.5764606341071
FBgn0031645	Region264	Toll9	Down	0.977724963324272	0.274249526554145	-1.19840421314338
FBgn0031645	Region265	Toll9	Down	0.505807060514583	0.493280969283594	-1.01390261218559
FBgn0261963	Region287	Toll9	Up	-0.532191800922852	-0.501924875203165	1.04763605738434
FBgn0031738	Region298	Toll10b	Up	-2.22418869816763	3.20268543512683	-1.56346675335849
FBgn0031738	Region300	Gd7	Up	1.24115618885029	-0.316842923298566	-0.775830537680026
FBgn0031745	Region302	Toll10b	Down	0.153643490780326	-0.924041030441148	0.895862359760364
FBgn0085409	Region309	Toll9	Up	-0.164580377582108	-0.782574077283075	1.02725999757476
FBgn0031851	Region342	Gd7	Up	1.08211905609795	-0.315689115530169	-0.632199424682009
FBgn0031851	Region343	Gd7	Up	5.45091982610638	-2.46848070278733	-2.19999289582839
FBgn0284084	Region374	Gd7	Down	-1.44591762341202	0.0836103920608864	1.22388112869475
FBgn0284084	Region375	Gd7	Down	-0.947864315132678	0.845971749907882	-0.0846012736009776
FBgn0003502	Region426	Toll10b	Down	1.10009306506889	-1.34064643645925	0.500422985731898
FBgn0262029	Region442	Toll9	Up	-0.699194362444117	-0.401654690599136	1.08741395854242
FBgn0262029	Region445	Gd7	Up	2.89940722687302	-1.47506121469054	-0.988542198743201
FBgn0262029	Region446	Gd7	Up	1.3164071465433	-0.589196799808371	-0.539088755254994
FBgn0262029	Region450	Gd7	Up	1.4134254887265	-1.25497961082716	0.118860388303154
FBgn0029123	Region453	Toll10b	Down	0.377985177148516	-0.998358607768399	0.774739982383929
FBgn0014179	Region483	Toll9	Up	0.126752672800486	-1.34225792608107	1.38919800304348
FBgn0014179	Region485	Toll9	Up	-0.140897359531903	-1.26625640456966	1.54789790624553
FBgn0032221	Region527	Gd7	Up	1.22926271093535	-1.00406590432576	0.00540079088104187
FBgn0032221	Region530	Gd7	Up	1.0626069201533	-0.0133027253111276	-0.953401059094619
FBgn0032221	Region535	Gd7	Up	1.54422212059883	-0.945076532647075	-0.347738359561005
FBgn0032221	Region543	Gd7	Up	1.00024093540989	-0.523746643411492	-0.324349552283034
FBgn0032221	Region549	Toll9	Up	0.130532884884949	-1.03197867467663	1.03792284327224
FBgn0032221	Region555	Gd7	Up	0.999496993435025	-0.378759264606784	-0.486205913870997
FBgn0032221	Region559	Gd7	Up	1.24710280843792	-0.765575490206997	-0.278209625742699
FBgn0032221	Region566	Gd7	Up	1.48958977400327	-0.454043327831036	-0.848413816837676
FBgn0032221	Region572	Gd7	Up	1.17937015214994	-0.350585773674326	-0.68170071075773
FBgn0032221	Region580	Gd7	Up	1.7196644995997	-0.397065493679125	-1.12194576534003
FBgn0032221	Region584	Gd7	Up	1.14616742368792	-0.604586221891511	-0.366703790394757
FBgn0051721	Region588	Toll9	Up	-0.849451086204064	-0.455933946433865	1.28518559309155
FBgn0051721	Region594	Toll9	Up	-1.45484448752947	-2.11524325314795	3.69698289483428
FBgn0051721	Region595	Toll9	Up	-0.637691169013152	-1.40623836022768	2.15753051399584
FBgn0051721	Region596	Toll9	Up	0.167996415414744	-2.36526013660806	2.49842385509483
FBgn0051721	Region597	Toll9	Up	-0.413289749299332	-1.43350870808202	1.98361264457855
FBgn0000146	Region607	Toll9	Up	-0.832863801050166	-0.144321588183428	0.920745384842731
FBgn0000146	Region611	Gd7	Up	1.52069371001213	-1.19742152638691	-0.0434130850018633
FBgn0000146	Region613	Toll9	Up	-0.719272283509439	-0.5895353544865	1.31632889013721
FBgn0000146	Region614	Toll9	Up	-0.704727494178163	-0.465182788853502	1.16367259723146
FBgn0000146	Region618	Gd7	Up	2.9137293590162	-0.561499032935859	-2.02571827698055
FBgn0000146	Region619	Gd7	Up	4.31872165978373	-0.997596507068145	-2.81715932487624
FBgn0261648	Region633	Toll9	Down	0.23752221723903	1.00262610266383	-1.34041268907259
FBgn0261648	Region634	Toll9	Down	0.336146547421427	0.729467535733138	-1.12406810506183
FBgn0085424	Region667	Gd7	Down	-1.93500425788939	1.31249881971817	0.291954334857975
FBgn0085424	Region670	Gd7	Down	-0.852328796604263	-0.0168735776486763	0.795610862944558
FBgn0004394	Region673	Gd7	Down	-1.24245924222154	0.283436464502802	0.814467393283828
FBgn0023407	Region704	Toll10b	Down	0.484466738612356	-1.01129805082983	0.692212761760719
FBgn0032535	Region723	Toll10b	Up	-2.02660920012699	4.55503670971462	-3.25953135082071
FBgn0032535	Region724	Toll10b	Up	-3.36035556804381	5.86637329231879	-3.51417782682704
FBgn0032535	Region725	Toll10b	Up	-4.6946873914502	8.34996071549419	-5.08241177464961
FBgn0032535	Region726	Gd7	Up	1.54273674289629	-0.590069381462467	-0.74435622109367
FBgn0261563	Region729	Toll9	Up	-0.366347933222255	-0.832159366622023	1.26670946857837
FBgn0261563	Region733	Toll9	Up	-0.354106494845633	-0.895562338104548	1.32663053982048
FBgn0003448	Region749	Toll10b	Up	-5.27191834462554	6.00373416218933	-1.92622733910742
FBgn0003448	Region750	Toll10b	Up	-2.6673314574774	3.56713110342784	-1.56819965192685
FBgn0003448	Region751	Toll10b	Up	-5.65692689121773	9.06573586368299	-5.00796000676714
FBgn0003448	Region752	Toll10b	Up	-1.77708170108197	2.79161080012526	-1.51007413880106
FBgn0003448	Region753	Toll10b	Up	-3.18427116166318	4.15653502851337	-1.75786770710645
FBgn0015609	Region813	Toll9	Down	0.102284640740677	1.45732876427782	-1.72690823132568
FBgn0032693	Region834	Toll9	Down	0.241543290857225	0.980994366299594	-1.31982725310708
FBgn0032693	Region840	Gd7	Down	-1.3505787840146	0.153220212149862	1.05896817123135
FBgn0032693	Region843	Gd7	Down	-1.64472150528254	0.675288607060076	0.741758328508226
FBgn0003896	Region849	Toll9	Down	0.92282357289008	0.348957503525591	-1.23212405329368
FBgn0015380	Region878	Gd7	Down	-0.964704406392792	-0.00388145313466046	0.883450051016925
FBgn0015380	Region879	Toll10b	Down	0.257675515068619	-0.973597489409042	0.856615852934317
FBgn0015380	Region883	Toll10b	Down	0.633949533837951	-1.19169383841099	0.758222664803825
FBgn0051687	Region934	Toll10b	Up	-1.14095776005788	2.26429982776563	-1.49862186865285
FBgn0051687	Region935	Toll10b	Up	-2.73374304195457	4.80192063425833	-2.89190960162492
FBgn0051687	Region936	Toll10b	Up	-1.25639461074469	2.58146245906039	-1.74897543400115
FBgn0051687	Region937	Toll10b	Up	-1.61146696529627	3.14191970849629	-2.05369720879548
FBgn0051687	Region938	Toll10b	Up	-2.30012444948799	4.44833320679065	-2.89067003326825
FBgn0051687	Region939	Toll10b	Up	-2.9826971795851	6.88124672740464	-4.99602088914923
FBgn0051687	Region940	Toll10b	Up	-1.62762013774236	3.67071749851273	-2.63177228560884
FBgn0051687	Region941	Toll10b	Up	-2.00019839413086	4.15392050454632	-2.83393775249838
FBgn0028979	Region1015	Toll10b	Down	0.481575271312787	-1.16834961096042	0.870906168314573
FBgn0039993	Region1056	Toll10b	Down	0.5261602282471	-1.66780538635667	1.39017933522143
FBgn0039994	Region1101	Toll10b	Down	0.869981332000964	-1.48928366102425	0.876741006791814
FBgn0003460	Region1195	Toll10b	Down	0.739718653191634	-1.37489761823204	0.867215022769131
FBgn0003460	Region1205	Toll9	Down	0.662245340501243	0.550661169732003	-1.22078349888729
FBgn0003460	Region1206	Toll9	Down	0.179081898741443	0.901014783836138	-1.1732495276789
FBgn0003460	Region1207	Toll10b	Down	2.04964781264925	-2.40065025730214	0.823418856025835
FBgn0003460	Region1216	Toll9	Down	0.990134540715293	0.898690533115021	-1.9097257623998
FBgn0003460	Region1217	Toll9	Down	0.571376098815423	0.471163738716593	-1.0488592715582
FBgn0025360	Region1237	Toll9	Up	-0.523172072146974	-0.473462273474367	1.0075094665968
FBgn0025360	Region1238	Toll9	Up	-0.591092410946178	-0.428804161319357	1.01933991520459
FBgn0025360	Region1241	Toll9	Up	-0.308770165512585	-0.77642747877025	1.1517642467799
FBgn0025360	Region1258	Toll9	Up	-1.33979895752206	-0.112197003234196	1.34668390970574
FBgn0025360	Region1259	Toll9	Up	-0.65783955291003	-0.607522012513507	1.280511022722
FBgn0024189	Region1279	Toll9	Down	0.905501790274821	0.630914027633807	-1.53241931022079
FBgn0024189	Region1287	Toll9	Down	0.907028095968468	0.550697069535338	-1.44388506398363
FBgn0004360	Region1322	Toll9	Down	0.333692489573318	1.49480189122009	-1.97978976584789
FBgn0004360	Region1323	Toll9	Down	0.473819498449195	0.962123248372182	-1.5103368564198
FBgn0033458	Region1341	Toll9	Down	0.101651988059611	0.912030960488557	-1.1150399567658
FBgn0033483	Region1367	Toll9	Down	0.284782811687919	0.773441793062992	-1.1265584487881
FBgn0033483	Region1370	Toll10b	Down	0.611933533560001	-1.33362908265112	0.937397790747145
FBgn0263102	Region1374	Toll9	Down	1.73691310887998	1.18346047144192	-2.90947084077902
FBgn0263102	Region1375	Toll9	Down	2.39892406134488	0.90079290424015	-3.19585948612552
FBgn0263102	Region1376	Toll9	Down	1.51894037030852	1.52806181725005	-3.09714675640866
FBgn0263102	Region1386	Toll9	Down	0.256505177344927	2.23065713944363	-2.73436304417264
FBgn0263102	Region1387	Toll9	Down	-0.17306698679656	1.32456541971282	-1.32715979127914
FBgn0263102	Region1390	Toll9	Down	0.43233929592646	0.550834320709866	-1.01147287190317
FBgn0263102	Region1392	Toll9	Down	2.52356371949051	1.47235111600404	-3.95016922149599
FBgn0003396	Region1417	Toll10b	Down	0.977865995825466	-1.24280763973723	0.502124307897593
FBgn0003396	Region1420	Toll9	Down	0.901603004151167	0.415812091898006	-1.28773212501528
FBgn0003396	Region1421	Toll9	Down	1.81425242311185	1.12064995297817	-2.90953516982378
FBgn0003396	Region1422	Toll10b	Down	0.306712713703696	-1.06555628014822	0.915018081650892
FBgn0003396	Region1423	Toll10b	Down	0.392320085808818	-1.0151369875385	0.780486080533809
FBgn0003396	Region1424	Toll10b	Down	0.372027966401448	-2.0384659135335	1.94615350551419
FBgn0033638	Region1448	Toll9	Down	0.623239342297905	0.673742474984624	-1.32321585975058
FBgn0033638	Region1451	Toll9	Down	-0.329199308681816	2.53660707921959	-2.54360970382549
FBgn0033638	Region1452	Toll9	Down	0.17292303721014	1.65740475911794	-2.01556827798145
FBgn0033649	Region1458	Toll9	Up	0.059774182977825	-0.883120986112984	0.935529590698229
FBgn0033652	Region1469	Gd7	Down	-0.952894071173671	0.0528061966544266	0.809139537684423
FBgn0010238	Region1494	Toll9	Up	0.041702654064557	-0.969423593596904	1.0487447638762
FBgn0010238	Region1496	Toll9	Up	-0.113877352265511	-0.860455640656227	1.06836331555925
FBgn0010238	Region1505	Gd7	Up	1.34096280984626	-1.14484607722993	0.0614306013756944
FBgn0010238	Region1508	Gd7	Up	2.87450668633381	-2.7866494241732	0.504470195848114
FBgn0010238	Region1514	Toll9	Up	-0.239920960346038	-0.969116032270179	1.305032990345
FBgn0010238	Region1515	Gd7	Up	2.45268303667733	-1.55324831213143	-0.493809652935002
FBgn0003326	Region1524	Toll10b	Down	0.775081420212089	-1.20077506746337	0.639794756689126
FBgn0004512	Region1536	Toll9	Up	-0.62622831203244	-0.433652956098276	1.05679355452669
FBgn0004512	Region1537	Toll10b	Up	-1.62121309402201	2.48107864902251	-1.30399743813455
FBgn0004512	Region1538	Toll10b	Up	-2.61558747875428	3.09144439839941	-1.08209592360239
FBgn0004512	Region1539	Toll10b	Up	-0.177219061913815	1.12933077659761	-1.10451349923358
FBgn0033856	Region1578	Gd7	Down	-2.40554979335764	2.338977352097	-0.429961975456945
FBgn0033856	Region1584	Gd7	Down	-1.78964862911748	0.862085397965783	0.664421336997578
FBgn0029082	Region1647	Toll10b	Up	-0.588668646173937	2.57327866182585	-2.34827476655735
FBgn0029082	Region1648	Gd7	Up	2.5915070189936	-1.87886432874161	-0.255291455932138
FBgn0029082	Region1652	Gd7	Up	2.79887580638841	-1.64123589220893	-0.710645943561668
FBgn0029082	Region1653	Gd7	Up	1.72607467667262	-0.205139194333881	-1.34294104901104
FBgn0029082	Region1654	Gd7	Up	1.75758559420043	-0.175283970729018	-1.405124176508
FBgn0034005	Region1669	Toll10b	Up	-1.08224287192876	1.57556115073322	-0.780034157858074
FBgn0265991	Region1694	Gd7	Down	-3.90423829118678	1.93070282635028	1.39342191762247
FBgn0265991	Region1695	Gd7	Down	-3.07690319420881	1.44311108249004	1.18610445488527
FBgn0265991	Region1696	Gd7	Down	-4.28161493726751	1.33283567841592	2.40753430749229
FBgn0265991	Region1697	Gd7	Down	-3.74185269375566	1.70648074547535	1.49680429568983
FBgn0265991	Region1698	Gd7	Down	-2.45689666172687	0.64530295000805	1.51547764083607
FBgn0265991	Region1702	Toll9	Down	2.25752706361287	0.432780704475054	-2.54235695086974
FBgn0034075	Region1717	Toll9	Up	-1.44424185357167	-0.148114914445431	1.48212362328708
FBgn0034075	Region1723	Toll9	Up	-0.751526373162127	-0.61376826537261	1.37288649663611
FBgn0034075	Region1728	Toll10b	Up	-2.3138153145549	3.27831112909383	-1.56657158336234
FBgn0034083	Region1736	Toll10b	Up	-1.42305385598927	2.48717375754701	-1.49140526154638
FBgn0034083	Region1737	Toll10b	Up	-2.61153294823087	3.30817013443682	-1.32874535144622
FBgn0034083	Region1745	Toll9	Up	-0.469851583470267	-0.892052958886867	1.42817058947924
FBgn0264273	Region1755	Toll10b	Down	0.588442996400159	-1.32294280619328	0.946824264772439
FBgn0264273	Region1756	Toll10b	Down	0.684966288157223	-1.3569938914634	0.897038292150865
FBgn0040505	Region1759	Toll9	Down	0.356113775701949	0.65645935126352	-1.06041958424028
FBgn0040505	Region1761	Toll9	Down	0.0281841855644192	0.976814790053973	-1.12071571930113
FBgn0034224	Region1798	Toll9	Up	-0.564058850567596	-0.490243748808486	1.0635804818999
FBgn0259211	Region1822	Gd7	Up	1.16352728966095	-0.815663238782232	-0.145900844880875
FBgn0259211	Region1824	Gd7	Up	1.50082948825428	-0.593996553573277	-0.701765262751365
FBgn0259211	Region1825	Gd7	Up	1.19061325610871	-0.922868783529255	-0.0504033110966988
FBgn0259211	Region1826	Gd7	Up	2.61051811181233	-2.35246090496085	0.258297436539734
FBgn0003067	Region1859	Toll9	Down	0.8515920347393	0.38330224278834	-1.20571469778094
FBgn0003067	Region1864	Toll10b	Down	0.398256768195893	-1.15104207120145	0.927429024934949
FBgn0023214	Region1880	Toll9	Down	0.66154169460993	0.997026380539099	-1.72052827330666
FBgn0034476	Region1929	Toll10b	Up	-1.25619696976229	2.60058211209819	-1.77058912100019
FBgn0034479	Region1931	Toll10b	Down	0.451172250643458	-1.0195201633303	0.731769959666748
FBgn0034501	Region1933	Toll10b	Down	0.931547377087719	-1.42637923699762	0.750120834743774
FBgn0034501	Region1936	Toll9	Down	0.576255978254082	1.01626559538029	-1.66437822278327
FBgn0011674	Region1957	Toll10b	Down	0.50212245742471	-1.1458222407537	0.826928574325261
FBgn0034590	Region1974	Toll10b	Down	1.48606080624819	-1.5603512005455	0.394999344309283
FBgn0000395	Region1984	Toll10b	Down	1.47543099301798	-2.65031589012747	1.62656214329119
FBgn0000395	Region1991	Toll9	Down	2.36680466668736	0.338268977464641	-2.53598763545094
FBgn0260866	Region2058	Toll10b	Up	-1.02457780267213	1.02924273439809	-0.220146274295438
FBgn0260866	Region2060	Toll10b	Up	-1.67540316224294	2.08575968125098	-0.81145413446839
FBgn0260866	Region2065	Toll9	Up	-0.135441756571287	-0.862210516926633	1.08998140421423
FBgn0028371	Region2069	Toll9	Up	-0.778906309113865	-0.270991063627265	1.01357543550996
FBgn0028371	Region2070	Gd7	Up	1.56425719213385	-0.409256059591739	-0.966663016467607
FBgn0003900	Region2087	Gd7	Down	-1.32996843174649	0.988829955197961	0.103448405761828
FBgn0003900	Region2090	Toll9	Down	0.0509817096170002	1.35476530422082	-1.56518172977643
FBgn0003900	Region2099	Toll9	Down	0.670974364872186	0.728213980001428	-1.42777883899103
FBgn0003900	Region2101	Toll9	Down	-0.0620906151084248	2.27884542636835	-2.49805889030678
FBgn0085400	Region2102	Toll10b	Up	-1.41936059550046	2.12283358770807	-1.08633682546437
FBgn0085400	Region2103	Toll10b	Up	-0.900422427702765	1.31624971541561	-0.655026026901435
FBgn0005636	Region2181	Toll9	Up	-0.511026446367329	-0.570538459170748	1.10526631946658
FBgn0005636	Region2185	Toll10b	Up	-1.04165054803731	1.36694338471787	-0.583158956159355
FBgn0005636	Region2190	Toll10b	Up	-0.324209027311626	1.78938624935141	-1.71050489968728
FBgn0005636	Region2191	Toll9	Up	-1.07220104871411	-0.472280434350705	1.50649405830522
FBgn0284252	Region2195	Toll10b	Down	0.586801779190095	-1.87274301039361	1.56465890383349
FBgn0000157	Region2218	Toll10b	Down	0.136540720192746	-0.954527243104665	0.94562323842547
FBgn0000157	Region2220	Toll10b	Down	0.415860715674391	-1.40291742849845	1.19374545469371
FBgn0000157	Region2221	Toll10b	Down	1.14638819504884	-1.68933796572383	0.849127443124914
FBgn0001148	Region2233	Toll9	Up	-0.967923090439804	-0.586138833693867	1.53910744024407
FBgn0001148	Region2234	Toll10b	Up	-0.96999548404082	1.43872438552833	-0.728923724720852
FBgn0001148	Region2237	Toll9	Up	-0.426784974094477	-0.691185715321989	1.16374866705486
FBgn0052475	Region2241	Gd7	Up	1.96846542101631	-1.29655148043487	-0.340323579884543
FBgn0052475	Region2251	Toll9	Up	-0.673350728588876	-0.357122561945689	1.01394205513944
FBgn0000575	Region2283	Toll10b	Up	-0.98439727974958	1.69996961677245	-1.00866200574468
FBgn0000575	Region2288	Gd7	Up	1.67182032338999	0.0787161614493938	-1.61170967836447
FBgn0000575	Region2298	Gd7	Up	2.00627669041443	-0.4182364012442	-1.3593915882939
FBgn0000575	Region2299	Gd7	Up	2.98960727904903	-2.7760199349726	0.387667444479533
FBgn0000575	Region2300	Gd7	Up	2.72023729276361	-2.46300262195536	0.282234357337328
FBgn0000575	Region2302	Toll10b	Up	-0.478791847911226	2.71884837611563	-2.61158846096634
FBgn0000575	Region2304	Toll10b	Up	-0.521343262343917	1.8442898783766	-1.59241215346991
FBgn0000575	Region2306	Gd7	Up	1.017153948461	-0.164700793624606	-0.742260652333353
FBgn0028999	Region2310	Toll9	Up	-1.07868812039482	-0.893259987461293	1.98433353932319
FBgn0004635	Region2325	Gd7	Down	-1.06570018528876	0.802223658868964	0.0718207708388367
FBgn0004635	Region2329	Toll9	Down	0.555735752588468	0.659963918746233	-1.24625628866128
FBgn0004635	Region2330	Toll9	Down	0.599731657095162	0.604650040379843	-1.22433993344996
FBgn0004635	Region2334	Toll9	Down	1.5989154421329	0.229301518319016	-1.71408395551684
FBgn0004635	Region2335	Toll9	Down	0.138286923571839	1.16516420946067	-1.43219236744648
FBgn0035257	Region2342	Toll9	Down	0.894972295185937	0.0763354493301095	-0.901128447131534
FBgn0035257	Region2348	Toll10b	Down	0.554869527247851	-1.85010282475574	1.56837737960251
FBgn0035257	Region2350	Toll10b	Down	1.80885156233109	-1.91117590512087	0.494135074696445
FBgn0035348	Region2383	Toll9	Down	0.505731232234529	0.741105686801243	-1.29165089466991
FBgn0035348	Region2388	Toll9	Down	0.240047139393858	0.792791040149473	-1.10748347738208
FBgn0052485	Region2401	Toll10b	Down	1.2831828422041	-1.51217462637365	0.525867322721585
FBgn0052485	Region2407	Toll9	Down	1.02251352751358	0.279877306059608	-1.24552722172605
FBgn0052485	Region2419	Toll10b	Down	1.24449877121201	-1.7347131111677	0.810589577752589
FBgn0052485	Region2421	Toll9	Down	1.852440563265	1.74585246491112	-3.64520141955216
FBgn0014388	Region2432	Gd7	Down	-0.997152113903412	0.100552002493128	0.795946047850451
FBgn0001257	Region2462	Toll9	Up	-0.660400467420921	-0.792764553105844	1.49050596619143
FBgn0001257	Region2471	Toll9	Up	-0.377808702002103	-1.18077750621975	1.6679624331778
FBgn0052407	Region2525	Gd7	Down	-3.06021087864961	1.78893076953233	0.78322131006588
FBgn0052407	Region2526	Gd7	Down	-1.40358991643814	0.862789574827358	0.31183115002969
FBgn0052407	Region2531	Gd7	Down	-1.28119070758135	0.0626096654818377	1.09731399670028
FBgn0052407	Region2532	Gd7	Down	-1.13108280119919	0.606588349319134	0.350713308845149
FBgn0052407	Region2533	Gd7	Down	-2.98714331955655	2.68039220844405	-0.282711810235536
FBgn0262579	Region2591	Toll9	Down	0.999808812529097	0.169546624343896	-1.10115395960678
FBgn0262579	Region2596	Toll10b	Down	0.212188067282688	-1.56310811324109	1.55892223475268
FBgn0262579	Region2597	Toll10b	Down	0.225428259143074	-1.34646852921925	1.30399883758941
FBgn0262719	Region2635	Toll9	Down	0.359780186564146	0.700635205554335	-1.1132828262486
FBgn0263930	Region2646	Toll10b	Down	1.82118314653441	-2.00266890949155	0.585463592056117
FBgn0263930	Region2648	Toll10b	Down	0.498184422527537	-1.75608212683682	1.5146329533025
FBgn0263930	Region2649	Gd7	Down	-1.91887059588353	0.126767059502185	1.60648574115876
FBgn0041094	Region2750	Toll9	Down	-0.0481584146754254	0.904674149287101	-0.970276210310212
FBgn0041094	Region2755	Toll10b	Down	0.484493334574057	-1.5518847052211	1.29819897768951
FBgn0041094	Region2756	Toll9	Down	0.872488618323473	0.208914328505704	-1.02926398361528
FBgn0041094	Region2757	Toll10b	Down	0.520663451704493	-1.48900865804545	1.19475297095524
FBgn0041094	Region2760	Toll9	Down	2.29626937400042	0.327046843027889	-2.45913119686695
FBgn0041094	Region2761	Toll9	Down	2.19895096838096	0.958017174436815	-3.07778128917771
FBgn0041094	Region2763	Toll9	Down	0.992364486686129	0.711703870416123	-1.70214134771982
FBgn0041094	Region2764	Toll9	Down	0.902374052228733	1.20471362078534	-2.17281206349793
FBgn0087007	Region2879	Toll9	Down	0.601930934287769	0.908130246483152	-1.56655255577729
FBgn0087007	Region2882	Toll9	Down	1.29491247049242	1.18426670393736	-2.50759608516732
FBgn0087007	Region2883	Toll9	Down	0.986152790832672	0.783122457867058	-1.77654279206463
FBgn0002778	Region2902	Toll9	Down	0.553114198081167	0.557771585873952	-1.12930733744157
FBgn0002778	Region2903	Toll9	Down	1.04433436191082	0.194987767203475	-1.17024854259495
FBgn0002778	Region2909	Toll10b	Down	0.824149324417967	-1.63082880070876	1.07718144819357
FBgn0002778	Region2913	Toll9	Down	1.0760963208462	0.471263047928256	-1.50890315903418
FBgn0002778	Region2916	Toll10b	Down	0.629396817024312	-1.01552601181773	0.564883075538332
FBgn0002778	Region2917	Toll10b	Down	0.127979843355153	-0.90995466106881	0.903457522714089
FBgn0025776	Region2925	Gd7	Down	-1.21079403632499	0.57929183514084	0.453951199397056
FBgn0025776	Region2927	Toll10b	Down	0.670448038442353	-1.50632092707322	1.07766737325736
FBgn0036494	Region2930	Gd7	Down	-1.1559625981445	0.260010104474796	0.761907758854749
FBgn0036494	Region2932	Gd7	Down	-0.986210112462236	-0.037499168866338	0.940733648382549
FBgn0000489	Region2960	Gd7	Down	-1.3671561206923	0.0443242327371084	1.19614944862056
FBgn0000489	Region2972	Gd7	Down	-1.1876963718301	0.507069057478191	0.51386661176402
FBgn0044028	Region2979	Toll9	Up	-1.76401136104462	-0.322707337325024	1.96923979525408
FBgn0052182	Region3081	Gd7	Down	-1.36766100396606	0.393642923163465	0.805014998714434
FBgn0036896	Region3142	Toll10b	Down	1.86642312387854	-2.63705501998344	1.25539996707313
FBgn0036896	Region3148	Toll10b	Down	0.642413128733871	-1.42278397036778	1.00956762393944
FBgn0027364	Region3216	Toll10b	Up	-1.02736032179537	1.9670344683652	-1.26889742930102
FBgn0026179	Region3226	Toll10b	Down	0.776098551169442	-1.08374179849923	0.507670815221012
FBgn0026179	Region3230	Gd7	Down	-0.98017149724996	0.950416211025248	-0.172245669688969
FBgn0014143	Region3243	Toll9	Up	-0.879683021820826	-0.443614861970737	1.29892483356335
FBgn0264711	Region3264	Gd7	Up	1.12910706906424	-0.424947105887643	-0.552537037345963
FBgn0037207	Region3301	Toll9	Down	0.441697698517183	0.818713695922884	-1.32029996081249
FBgn0027930	Region3409	Gd7	Down	-0.985063045871688	0.890903707489641	-0.101073258416865
FBgn0004878	Region3558	Toll9	Up	-1.13382398271919	-0.311631068576925	1.38255697434858
FBgn0001138	Region3624	Toll10b	Down	0.184747640380846	-1.0247962679547	0.980467327046744
FBgn0001138	Region3629	Toll9	Down	0.455945082842688	0.985087088201637	-1.51979158231058
FBgn0001138	Region3630	Toll9	Down	0.136390074301607	0.776440480993913	-0.994695327416241
FBgn0266801	Region3643	Toll9	Down	1.22676344045328	0.369361524592094	-1.53196641685
FBgn0266801	Region3651	Toll9	Down	1.09394567779267	0.68549415332986	-1.76532675340758
FBgn0037788	Region3774	Gd7	Up	4.46678086514453	-3.1178351705186	-0.575242318530368
FBgn0037788	Region3776	Gd7	Up	1.31817687672264	-0.879166353881269	-0.215638701237684
FBgn0037819	Region3783	Gd7	Down	-1.40148214028526	0.741378759328097	0.446014814569762
FBgn0037819	Region3787	Gd7	Down	-1.19351799142091	0.836993456988564	0.149318563514129
FBgn0037819	Region3789	Gd7	Down	-1.30431098656429	0.139882571619102	1.03175787835453
FBgn0037819	Region3791	Gd7	Down	-1.29893837299673	0.33309800492393	0.810262937568763
FBgn0037819	Region3792	Gd7	Down	-1.12126166979712	0.679098328318068	0.260478276107894
FBgn0037819	Region3793	Gd7	Down	-1.21618914340117	0.36562908607382	0.698388563255532
FBgn0037819	Region3802	Gd7	Down	-1.4745984385131	0.446003352047577	0.843765779926021
FBgn0263316	Region3843	Toll9	Down	1.01537693259971	0.26510419507581	-1.22246290359104
FBgn0263316	Region3844	Toll9	Down	0.5153910645997	0.472334263930404	-0.999154401572478
FBgn0038071	Region3897	Toll9	Down	1.89260364213811	0.260913029311802	-2.01714822175005
FBgn0003308	Region3910	Toll9	Down	0.08239727891754	2.01346651088734	-2.33222922109091
FBgn0004666	Region3914	Gd7	Down	-1.61756869399324	-0.0288610116916369	1.50638340402472
FBgn0085412	Region3932	Gd7	Up	1.93528489164801	-1.64716146471492	0.0829546909144903
FBgn0085412	Region3933	Toll9	Up	-0.807459594274471	-0.179343828422162	0.93685624783222
FBgn0000576	Region3937	Gd7	Down	-1.8472815359081	0.515209394692988	1.10579625865937
FBgn0000576	Region3939	Gd7	Down	-1.21242462474798	-0.0394607024032207	1.14907335273769
FBgn0003483	Region4023	Toll9	Up	-0.627804443687999	-0.556953501898222	1.19645265818263
FBgn0003483	Region4030	Toll9	Up	-0.0184839017974274	-1.09991978524502	1.24987983273884
FBgn0003483	Region4032	Toll9	Up	-0.391452281563385	-0.889025982944461	1.3533349419038
FBgn0040271	Region4047	Gd7	Down	-1.0694420254471	0.373548916982311	0.555785114597555
FBgn0040271	Region4052	Gd7	Down	-1.36073843072716	0.355571732508142	0.841385425065884
FBgn0038445	Region4061	Toll9	Up	-0.693571240665567	-0.305746453691991	0.974774412449538
FBgn0038445	Region4063	Gd7	Up	2.30147931237611	-1.55168407023084	-0.357776936890964
FBgn0038445	Region4065	Gd7	Up	1.09209953868249	-0.501067488590604	-0.433480713379263
FBgn0264005	Region4111	Toll9	Up	-1.17408113304711	-0.142670189628807	1.22983265188129
FBgn0264005	Region4114	Toll9	Up	-0.0892777077111848	-0.992557768983694	1.19403620125145
FBgn0261113	Region4175	Gd7	Up	1.15896107008186	-0.296107662332146	-0.724173935686901
FBgn0266581	Region4314	Toll10b	Down	1.10552575951985	-1.7655884150605	0.971842404976518
FBgn0004644	Region4363	Toll9	Up	-0.624867338681063	-0.920241739347003	1.60103090918093
FBgn0003118	Region4373	Gd7	Down	-1.79422105169435	0.427189938228061	1.15611613142826
FBgn0004885	Region4453	Toll10b	Down	0.800488920316771	-1.04192455218373	0.438566664745011
FBgn0003719	Region4456	Toll9	Up	-1.31119691805842	-0.182555120847302	1.39949306403382
FBgn0013953	Region4461	Toll10b	Down	0.815493722444937	-1.04414703616925	0.427384810008695
FBgn0013953	Region4464	Gd7	Down	-1.07650987459135	0.223468939556353	0.730468991440302
FBgn0013953	Region4465	Gd7	Down	-1.00236731685966	0.14455687512342	0.751367961036077
FBgn0004898	Region4476	Toll9	Up	-0.487189022246737	-0.532944083862691	1.04139998548535
FBgn0004898	Region4485	Toll9	Up	-0.0359110085950574	-1.021993392448	1.17840316662556
FBgn0004898	Region4486	Toll9	Up	-0.976268664941062	-1.25705127759197	2.29882119914289
FBgn0004898	Region4487	Toll9	Up	-1.98010143720492	-0.387663374512124	2.23897181327687
FBgn0039288	Region4495	Toll10b	Down	0.191748062051822	-0.967771162935213	0.910161611753709
FBgn0027579	Region4579	Gd7	Up	1.91299451636425	-0.404516193628302	-1.28976772865842
FBgn0027579	Region4580	Gd7	Up	1.19228011950394	-0.248966613967774	-0.807382565029215
FBgn0027579	Region4581	Gd7	Up	2.21808873271892	-0.555689931403261	-1.39831927269578
FBgn0027579	Region4582	Gd7	Up	1.3996520515294	-0.21105172042893	-1.03885630320521
FBgn0003137	Region4589	Toll9	Down	0.274521024906667	0.847161961490486	-1.19984932438844
FBgn0000492	Region4639	Gd7	Down	-1.21545772140052	0.859230788195634	0.144382839129202
FBgn0001297	Region4663	Toll10b	Down	0.213099055430649	-1.09485348939582	1.03316755423877
FBgn0002780	Region4726	Gd7	Up	2.32833850330219	-2.12619536473709	0.261788069829633
FBgn0039937	Region4781	Toll9	Up	-0.77983867153674	-0.406860192798506	1.16673757631445
FBgn0019650	Region4799	Gd7	Up	1.15006738555919	0.0223870027317834	-1.07310952347566
FBgn0000137	Region4818	Toll9	Up	-0.468860643864198	-0.501957140729476	0.989960925798683
FBgn0000137	Region4819	Toll9	Up	-1.31534122924325	-0.397340508795097	1.64404912942243
FBgn0261930	Region4828	Toll10b	Up	-0.428553842157263	1.01793745996595	-0.750607016824562
FBgn0264598	Region4920	Toll10b	Up	-0.199107005292914	1.20242838706876	-1.16651199327704
FBgn0003285	Region4950	Toll10b	Up	-0.325679888451324	1.58968615599147	-1.48529602156017
FBgn0262656	Region4967	Toll9	Down	0.184958009725832	1.45776912346502	-1.80273901682601
FBgn0029939	Region5100	Toll10b	Up	-1.04989690076847	1.59799591449769	-0.83465972697924
FBgn0024250	Region5117	Toll9	Up	-2.22344373968895	-0.230434250905629	2.2844629292086
FBgn0024250	Region5120	Toll9	Up	-4.50335734483905	-0.577540171235108	4.75117643001153
FBgn0029943	Region5121	Toll9	Up	-1.8273423041906	-0.548283982094179	2.27982766742858
FBgn0029943	Region5124	Toll9	Up	-3.48019818495101	-0.813619722069897	4.08346073287249
FBgn0029959	Region5133	Gd7	Up	4.77493425006386	-1.98762663067473	-2.12304147065348
FBgn0261873	Region5152	Toll9	Up	-0.772274459473546	-0.269648212783896	1.0060267126863
FBgn0261873	Region5161	Gd7	Up	1.36332601303124	-0.80959990965746	-0.334767044171459
FBgn0261873	Region5162	Gd7	Up	3.41269382151372	-2.03073464876458	-0.833357882060425
FBgn0083940	Region5237	Toll10b	Down	0.598012125380182	-1.30685346495052	0.920067744496982
FBgn0030181	Region5244	Toll10b	Down	0.602226461020989	-1.14715857066946	0.737205617535761
FBgn0001145	Region5287	Toll9	Down	0.165874584915266	0.799893673680112	-1.04785503809858
FBgn0001145	Region5288	Toll9	Down	2.58990158196686	1.13079852765849	-3.62773187453397
FBgn0001145	Region5299	Toll9	Down	1.07934604096071	0.442212699220405	-1.4792983773626
FBgn0030407	Region5347	Toll9	Down	0.762217726570648	1.60391261165733	-2.49260440422503
FBgn0030407	Region5348	Toll9	Down	0.376458948713561	2.40286719644791	-3.03672396082816
FBgn0030407	Region5349	Toll9	Down	0.456799937005956	2.98953124109291	-3.76759998078853
FBgn0030407	Region5353	Toll9	Down	0.292910017720256	1.09903599864699	-1.49896328729503
FBgn0030478	Region5380	Toll9	Up	-0.205110361577767	-0.905203002039723	1.201663378991
FBgn0030510	Region5398	Gd7	Down	-1.84731427379702	0.431576158017763	1.19958093194166
FBgn0030510	Region5401	Gd7	Down	-0.896087806650107	0.0286003432055322	0.784509460303445
FBgn0030510	Region5404	Toll9	Down	1.68209740571846	0.500358460895086	-2.09374580792029
FBgn0015773	Region5420	Toll9	Up	-0.824785155794817	-0.165334744401353	0.936939865346155
FBgn0015773	Region5422	Toll9	Up	-1.30932798304909	-0.872155198213384	2.17084800453542
FBgn0015773	Region5423	Toll9	Up	-0.87274790808555	-0.960177416354138	1.87168399152833
FBgn0015773	Region5424	Toll10b	Up	-3.09515036767165	4.07618397241671	-1.74900469723215
FBgn0015773	Region5425	Toll10b	Up	-3.40878140667617	4.48168203996955	-1.91777746905486
FBgn0015773	Region5427	Toll10b	Up	-2.17148931576078	2.68511218548864	-1.03127783923932
FBgn0003463	Region5450	Toll10b	Up	-0.561477135581552	1.07984258709759	-0.698876132507511
FBgn0261245	Region5537	Toll9	Down	0.779765309634767	1.87877989677086	-2.81672759798099
FBgn0261245	Region5538	Toll9	Down	1.75426528367829	1.59209650075694	-3.38337389898651
FBgn0001250	Region5546	Toll9	Down	0.768786477457102	0.272784223319643	-1.0063637879683
FBgn0030904	Region5617	Gd7	Down	-1.0609737053588	0.636020856804473	0.253830987636073
FBgn0040089	Region5679	Toll9	Down	0.785515308216568	0.133622725777155	-0.865604805426968
FBgn0040089	Region5694	Toll9	Down	0.588961309902505	1.77331298867361	-2.52462418415815
FBgn0040089	Region5695	Toll9	Down	1.56605180956914	0.575612734014893	-2.0723596435192
FBgn0040089	Region5697	Toll9	Down	0.869823761733712	0.241957366833383	-1.0638776291177
FBgn0040089	Region5698	Toll9	Down	0.838533548810877	1.35423431986456	-2.28225286071404
FBgn0040089	Region5699	Toll9	Down	0.166191101685628	1.7280600895166	-2.08864001823116
